Barcode,Count
AAAAA-,281
TTTAGG,213
TTGGGG,206
GGGTTT,199
TTGTTT,198
GTGGGG,197
TATGGG,197
ATGTTT,196
TAGGGG,196
GTATTT,194
TGGTTT,192
TTTGTA,192
TTTGGG,191
AGTTTT,189
ATAAGG,189
TTTAGT,189
TTTGTT,188
TTTTT-,188
ATAGGG,187
TAAGTT,187
GGTTTT,186
ATGGTT,185
TAAGGT,185
GTTTTT,184
TATGGT,184
TGTAAA,184
TTTGGT,184
TAAGGG,183
TAGGTT,183
TGGTAT,183
TTAAGT,183
AATTTT,182
ATAGGT,182
GTTGGG,182
TTAGGA,182
ATTATA,181
GGATTT,181
TGGGGG,181
ATTGGA,180
TTATTT,180
CTGGGG,179
TAGTTT,179
ATATGG,178
GTTAAA,178
TGATTT,178
TATTAA,176
TGTTTT,176
TTTCGT,176
GTAGGG,175
TCAGGG,175
TTTAAA,175
ATCGGG,174
TATTGG,174
ATTAAA,173
TAATGG,172
AGTTAA,171
ATAATT,171
ATTTGG,171
GGATTG,171
GTTAGA,171
TTATGA,171
TTTATG,171
GGTATT,170
GGTTCA,170
GTGTTT,170
TGTGTT,170
TTCGGG,170
ATATGT,169
ATTATG,169
CTTGGG,169
TTAATT,169
TTTGGA,169
TTTGTG,169
ATTAGG,168
GATTTT,168
GGTAAA,168
TGGTTA,168
TTTAGC,168
ATTGGG,167
ATTGGT,167
TTTTTT,167
AGGATT,166
AGGGGG,166
GCATTT,166
TATAGG,166
TCTGTA,166
ACATTT,165
AGGTAA,165
TAACGT,165
TAATAA,165
TCAGGT,165
TGTGGG,165
TTAGGT,165
ATGGGT,164
ATGTAA,164
TAGGTA,164
TATGTT,164
TGTAGG,164
TTATGG,164
TTATGT,164
ATTTTT,163
TATGTA,163
TTAGGG,163
TTAGTT,163
TTTGAA,163
AGGTTT,162
ATGGGG,162
TAAAA-,162
TAATTT,162
TGGTAA,162
TGTGTA,162
TTAGTA,162
TTATAT,162
TTATTA,162
TTGGGT,162
TTGTGT,162
GTTGTT,161
TCATAG,161
TGGATA,161
TGGGTT,161
AAGGTT,160
ATGTAT,160
ATTGAT,160
ATTTGA,160
GAGTTT,160
GGTTAT,160
TAGGGT,160
TGTTAA,160
TTAAGG,160
AATGTT,159
AATTAA,159
AGGATA,159
ATAAGT,159
ATTGTA,159
CTTTGT,159
GATTGG,159
GTAAGT,159
GTTATT,159
GTTTGT,159
TAGTGT,159
TATATG,159
TGGTGT,159
AATGGG,158
AGTGGG,158
CAGTGT,158
CATATA,158
CGGTTT,158
GATGGT,158
GGATTA,158
GGTAGG,158
TTGGTT,158
TTTCAT,158
TTTTGT,158
AATGGT,157
AGTGTT,157
AGTTAG,157
ATGAGT,157
CATGTT,157
CTGGGT,157
GGTATA,157
GGTCAT,157
GTAAGG,157
GTATGA,157
GTTAAG,157
GTTAGG,157
TAGTGG,157
TCGTTT,157
TTATAG,157
TTATTG,157
TTGGAT,157
TTGGTA,157
AATGTA,156
AGGGTT,156
AGGTTC,156
AGTGGT,156
ATAGAT,156
ATAGTT,156
ATCGTT,156
ATGTGT,156
CTTGGT,156
GTAATG,156
GTAGTT,156
GTCAGT,156
GTTCAT,156
TAATAG,156
TAGGCA,156
TAGTAT,156
TCAAGG,156
TCATGT,156
AGGGTA,155
ATGATT,155
CAATTT,155
CGGATT,155
GTTGGT,155
TATAGT,155
TATATA,155
TGTTCA,155
TTACGT,155
CATTGG,154
CTTTGG,154
GAGGGG,154
GAGGTT,154
GGGTGG,154
GGGTTA,154
GGTCTT,154
TAAAGT,154
TACTTT,154
TATTAT,154
TCTGGG,154
TCTGTT,154
TTACTT,154
TTATCA,154
TTGTAA,154
TTTCGG,154
TTTTGG,154
AATGAA,153
AATTGT,153
CGGTTA,153
GGTTCT,153
GTAATT,153
GTATGG,153
GTATTA,153
TACGTT,153
TGAGGG,153
TTAAAA,153
TTAGGC,153
TTCAGT,153
TTCATT,153
TTGAAA,153
TTTCAG,153
AAGGGT,152
ATTAAT,152
ATTCAT,152
ATTCTT,152
ATTGTG,152
ATTTGT,152
CTGTTA,152
GACTGT,152
GGCTTT,152
GTATAG,152
GTGCGT,152
GTTATA,152
GTTTGG,152
TATTGT,152
TTAATA,152
AGGTTA,151
ATTTAG,151
CATTTT,151
GAAAA-,151
GGTGGT,151
TAAAGG,151
TAATGA,151
TAATGT,151
TACAGT,151
TAGGTG,151
TCATGG,151
TGTAGT,151
TGTATG,151
TTAATG,151
TTCAGG,151
TTTATA,151
AGATTG,150
AGTAGT,150
ATGTGG,150
ATTAGT,150
GCATGT,150
GGATGT,150
GGCATA,150
GGGATA,150
GGTTAG,150
GTATGT,150
TCGGTT,150
TCTGAA,150
TGAAAA,150
TGATGC,150
TGTGGT,150
AGTATG,149
AGTTGG,149
ATAGTA,149
ATATTA,149
ATTCAG,149
ATTGTT,149
CGCTTT,149
GGTGGG,149
GTGGTT,149
TAATTA,149
TCAAGT,149
TCATTT,149
TCGGGG,149
TCTTAG,149
TGTTGT,149
TTAAGA,149
TTCATA,149
TTCGAA,149
TTCGGT,149
TTGTGA,149
TTTGAT,149
AAAGGG,148
ACGTTC,148
ATTAGA,148
ATTGAG,148
ATTTAA,148
CGGTAA,148
GCATAA,148
GCTTGG,148
GGTAAG,148
GTCGTT,148
GTTAAT,148
GTTTAA,148
TATGGC,148
TATTAC,148
TCTAGT,148
TGAGGT,148
TGTATT,148
TTATTC,148
TTCTGG,148
AATGTG,147
ACGTTT,147
ATCAGT,147
ATGGGC,147
ATGTGA,147
ATGTTA,147
ATTATT,147
CATGGT,147
CCAGGG,147
CGTTTT,147
GGGGG-,147
GGTCTA,147
GTATAT,147
TACATG,147
TATCGT,147
TGCTTT,147
TGGAAA,147
TGGGTA,147
TTGCAT,147
TTGGTG,147
TTTAAT,147
TTTACA,147
TTTAGA,147
AAGGGG,146
AAGGTA,146
AGGTAT,146
AGTATA,146
ATATTG,146
ATGGAT,146
CTAGGT,146
CTAGTT,146
GCATTA,146
GGAGTT,146
GGTTAA,146
GTGTGG,146
TATAAA,146
TATCTA,146
TCAGTG,146
TGTTAT,146
TTAGTC,146
TTGGGC,146
TTGTAG,146
TTTCAA,146
ACAGGG,145
AGAGGG,145
ATATAG,145
ATTAAG,145
ATTCGG,145
CATTAA,145
CTATGT,145
GATGTT,145
GATTAT,145
GTTAGT,145
TACGGG,145
TAGGAA,145
TATAGC,145
TATTGA,145
TGAGTT,145
TTACGG,145
TTCGTT,145
TTCTAT,145
AATTGG,144
ACAAGG,144
ACGATT,144
ACGGTA,144
ACTTGT,144
AGATAA,144
AGGGGT,144
ATACGG,144
ATCAAA,144
ATTTAT,144
CATTGA,144
CGATGT,144
CGTAAG,144
GCATGA,144
GGTACA,144
GGTTGG,144
GTTCGT,144
TAAGGC,144
TAATTG,144
TAGCGT,144
TCATAT,144
TCTTGG,144
TGAGTA,144
TGATTA,144
TGCATT,144
TGGCAT,144
TGTATA,144
TTGATT,144
TTGGTC,144
ATAGTG,143
ATGTAC,143
ATGTAG,143
CGGGGG,143
CGGTCA,143
CTTAGG,143
GATATT,143
GCATTG,143
GCTAGT,143
GGTTGT,143
GTTTGA,143
TAATCT,143
TAGCAT,143
TAGGGC,143
TATGAT,143
TATTCG,143
TATTGC,143
TGATGT,143
TGGCTT,143
TGGGTC,143
TGTTAG,143
TTGTTA,143
AACGGG,142
ACATTG,142
CAAGTT,142
CAGGGG,142
CGATTT,142
CTTTAG,142
GATAGG,142
GATTAA,142
GATTGT,142
GGTAAT,142
GTCTTT,142
TAAGTA,142
TCAATT,142
TCGTAT,142
TTAGAA,142
TTCTGT,142
TTGAGG,142
AATAGT,141
AATTAG,141
ACAGGT,141
AGGTCA,141
AGTAGG,141
AGTTGT,141
CAAAA-,141
GAAGGG,141
GAATGT,141
GAATTT,141
GATGAA,141
GATGGG,141
GCTATT,141
GGAAGT,141
GTTCAA,141
GTTCGG,141
GTTTAG,141
TATGAG,141
TCACTT,141
TCAGTA,141
TGATGG,141
TGGTAG,141
TGTAGA,141
TTGTGG,141
TTTATT,141
AGTAAA,140
ATATGA,140
ATCTGT,140
CATGGC,140
CTATAT,140
CTTAAA,140
GAATAA,140
GATAAA,140
GGAATA,140
GGGTAG,140
GGTGTT,140
GTTATG,140
TAGATT,140
TATCAA,140
TGATAT,140
TGGTCA,140
TGGTGG,140
TGTTGG,140
TTAGTG,140
TTCAAA,140
TTCTTT,140
TTGTAT,140
AATAGG,139
AATTGA,139
ACGGTT,139
ACGTGT,139
AGGATG,139
ATTGGC,139
CATAGT,139
CGTAAA,139
CTAAGT,139
CTTGTA,139
GAAGTT,139
GATAAG,139
GCGTAA,139
GGATCT,139
GGATGG,139
GGGATT,139
GGTGCA,139
GTACTT,139
GTATCG,139
GTGTAA,139
GTTCTT,139
GTTGTG,139
TATTAG,139
TATTCA,139
TATTTT,139
TCAATG,139
TGGTAC,139
TTACAG,139
TTAGCT,139
TTCATG,139
TTGAAT,139
TTTGGC,139
AAATGT,138
AATATG,138
AATGGC,138
AGTACA,138
AGTGCA,138
ATACTG,138
ATATAT,138
ATTACA,138
CAATTG,138
CATGTA,138
CGGGTA,138
CGTATT,138
CGTGGT,138
CTTAAT,138
GAATGC,138
GAATGG,138
GACTTA,138
GCAAGG,138
GCGGGG,138
GCGGTT,138
GGGCTG,138
GGTATG,138
GTAGTA,138
GTGGGT,138
GTTAAC,138
GTTCAG,138
GTTGGA,138
TAAATT,138
TAATAT,138
TAATTC,138
TACTTG,138
TAGAGT,138
TAGATG,138
TATAAT,138
TATGCT,138
TGAATT,138
TGGCTA,138
TGTGGA,138
TTAAAG,138
TTATGC,138
TTGCGT,138
TTGGAA,138
AAATGA,137
AATGGA,137
ACTGGA,137
ACTTTT,137
AGGCTC,137
AGGGTC,137
ATATTT,137
ATGATA,137
CAGGTT,137
CAGTTT,137
CATTAG,137
CTAAGG,137
CTGGGA,137
CTTGTT,137
GATATA,137
GATTGC,137
GCAATT,137
GGGGGG,137
GGGTAA,137
GGTCAA,137
GGTGAT,137
GTCATT,137
GTTTAT,137
TAACGC,137
TAAGCT,137
TACATT,137
TAGCGC,137
TCTGGT,137
TGGATT,137
TTCGGC,137
TTTGCT,137
ACTATT,136
AGATGC,136
AGATTT,136
ATAAGC,136
ATAGGA,136
CGTATG,136
CTGGTT,136
CTTGTG,136
GCATAT,136
GCTTTT,136
GGACTT,136
GGGCTT,136
GGTTCG,136
GTGTAT,136
GTTGAT,136
TAAATG,136
TACGGT,136
TACTGT,136
TAGTGA,136
TAGTGC,136
TAGTTA,136
TATTTA,136
TCATCG,136
TGCGGT,136
TGTAAG,136
TTCGTA,136
TTGAGT,136
TTTAAG,136
TTTGCA,136
AAGCGT,135
AAGTAT,135
AAGTGG,135
AGGGAT,135
AGGGTG,135
AGTTAT,135
ATCGGT,135
ATGCAA,135
ATTGTC,135
CAAGGT,135
CAATGC,135
CATGGG,135
CCAAGT,135
CGGGTT,135
CTGTAA,135
CTTATG,135
CTTGGA,135
GAAGGA,135
GCAAAA,135
GCGATT,135
GGCATT,135
GGGTGT,135
GTACAT,135
GTTCGA,135
GTTGTA,135
TACGAT,135
TAGAGG,135
TAGATA,135
TAGTCT,135
TATGGA,135
TCAAA-,135
TCAGAT,135
TCGTAA,135
TCTATT,135
TCTGGC,135
TCTTGT,135
TGAAGT,135
TGAGTG,135
TGTAAT,135
TTCAGC,135
TTTACG,135
AAAGTT,134
AAGTTT,134
ACTATG,134
ACTGTT,134
AGCGGT,134
AGGCTT,134
CAATGT,134
CACTTT,134
CGTGTA,134
CTAAGC,134
CTCATT,134
GAGAAA,134
GAGTAT,134
GCATGG,134
GGAATT,134
GGGCAA,134
GGTGTA,134
GGTTGC,134
GTAGGC,134
GTATCA,134
GTCATA,134
GTCGGG,134
GTGAGG,134
GTTAGC,134
TCGGGT,134
TCTATA,134
TTACAA,134
TTGACT,134
TTGAGC,134
AAGTTA,133
ACTGGG,133
CAGGAT,133
CATAAA,133
CATCTT,133
CATGGA,133
CGTTGG,133
CTAAAA,133
GAAGGT,133
GAATGA,133
GCAAGT,133
GCAGGG,133
GGAATG,133
GGCAAA,133
GGGTCA,133
GGTACG,133
GGTTAC,133
GTACGG,133
GTCTAG,133
GTCTGT,133
GTGAGT,133
TAAGGA,133
TAAGTG,133
TACGGC,133
TACGTA,133
TACTAG,133
TAGGAT,133
TATGTC,133
TCAGAA,133
TCTTAT,133
TTAGCA,133
TTTTAG,133
AACGGT,132
AAGATA,132
AAGATT,132
AATCGT,132
ACGTTA,132
ACTGGT,132
ACTTGG,132
AGTCGT,132
ATCAGG,132
ATGGTA,132
ATTCGT,132
ATTGCA,132
CAGTGG,132
CATTGT,132
CGGTAC,132
CGGTTC,132
CGTTAT,132
CTAGTA,132
CTAGTG,132
GAAATT,132
GAATAG,132
GACGGT,132
GATTAG,132
GGTCAC,132
GTAACT,132
GTAGGA,132
GTAGGT,132
GTATCT,132
GTCAGG,132
GTCATG,132
GTCTTG,132
TAAGTC,132
TAGACA,132
TATATT,132
TATCAT,132
TATGAA,132
TATTCT,132
TCATGC,132
TCCGGG,132
TCGGTA,132
TCTATG,132
TGGTGA,132
TGTCTA,132
TTAGAC,132
TTCAAG,132
TTGCAC,132
AAGTAA,131
ACAATA,131
ACGTAA,131
ACTTGA,131
AGTGTA,131
ATAAGA,131
ATCATT,131
ATTAAC,131
ATTTAC,131
CAATCT,131
CATTTG,131
CTATCA,131
CTTGAT,131
GATTTG,131
GGATTC,131
GGCTAA,131
GTTGTC,131
GTTTCG,131
TACAAA,131
TAGGCG,131
TCAGTT,131
TCATAA,131
TGGCAA,131
TGTGTC,131
TTATAA,131
TTGATA,131
AACGTT,130
AATGCA,130
AATTTG,130
ACAATG,130
ACGTGG,130
ACTATA,130
ACTTTG,130
AGTATT,130
AGTCAT,130
ATCGAA,130
ATGAGG,130
ATGGAA,130
ATGTCA,130
ATTTCA,130
CACTTA,130
CATAAT,130
CATGAT,130
CGGCTT,130
CGTGGA,130
CTAATA,130
CTCTTT,130
CTTAGA,130
CTTTAA,130
GAAAGT,130
GCAGTA,130
GCATAC,130
GGGCAT,130
GGTCTC,130
TAAATA,130
TAACTT,130
TACGTG,130
TAGGGA,130
TATCGG,130
TATGCA,130
TCGAGT,130
TCTGGA,130
TGACTT,130
TGCATG,130
TGCGGG,130
TGCTGG,130
TTAGAG,130
TTAGAT,130
TTGTCT,130
TTTAAC,130
AAAGGT,129
AATGAT,129
ACACTT,129
ACATGG,129
ACATTA,129
ACTAAG,129
ACTTAT,129
AGGCTA,129
ATAATG,129
ATATCA,129
ATCTGG,129
ATCTTG,129
ATGCGT,129
ATTACT,129
CAGCGT,129
CAGGTC,129
CAGTAA,129
CAGTTA,129
CATAGG,129
CATATT,129
CCAGGT,129
CTAATG,129
CTATGA,129
GAGGAA,129
GAGGGT,129
GATCGA,129
GATGGC,129
GGATAG,129
GGGAAA,129
GGGTAT,129
GGTACT,129
GGTGTC,129
GGTTTG,129
GTAAAG,129
GTAATA,129
GTGAAA,129
GTGCTA,129
GTGTCT,129
TACAGA,129
TACAGG,129
TATAGA,129
TCAAAA,129
TCCGTT,129
TGGGCA,129
TGGGGT,129
TGTACG,129
TGTAGC,129
TGTCAA,129
TGTCTT,129
TGTGTG,129
TTAACT,129
TTCAAT,129
TTCGAT,129
TTCTTA,129
TTTTGA,129
AAGTGC,128
AATATT,128
AATCGA,128
ACAGTT,128
ACGAAA,128
AGAATT,128
AGATGG,128
AGCGTA,128
AGCTAA,128
AGTCTA,128
AGTGAA,128
AGTTTG,128
ATGAAA,128
ATTAGC,128
CAAGGG,128
CAGTAT,128
CATTAT,128
CCTGTT,128
CGATAT,128
CGGCAA,128
CGTTGT,128
CTGTGT,128
GAACTT,128
GAATTA,128
GACATT,128
GCTGTT,128
GGAACG,128
GGAGGT,128
GGATAA,128
GGCGGT,128
GGTAGT,128
GTCCAG,128
GTGGGC,128
GTGTGT,128
TAATCG,128
TACGGA,128
TAGCTT,128
TATAAG,128
TCGATT,128
TCTAAG,128
TCTTTT,128
TGAATG,128
TGCGGC,128
TGTCGT,128
TGTCTG,128
TGTTCG,128
TTACTA,128
TTGGCT,128
TTGTCA,128
TTTCTT,128
AATAAG,127
AATCAT,127
ACGGTC,127
AGCATT,127
AGGAAA,127
AGGAGT,127
AGGTAG,127
AGGTGG,127
AGGTGT,127
AGTGTC,127
AGTTCA,127
ATCATA,127
ATCTTT,127
ATGATG,127
ATTCAA,127
CAAAGT,127
CACGTA,127
CGTGGG,127
CTATGG,127
CTATTT,127
CTGGAA,127
CTTAGT,127
CTTATA,127
CTTCAA,127
GAATAT,127
GAGATT,127
GAGTTA,127
GCGAGT,127
GGAGTA,127
GGAGTG,127
GGATCA,127
GGATGC,127
GGCAGT,127
GGGCTA,127
GTCGGC,127
GTGGTA,127
GTTACG,127
TATCTT,127
TATGTG,127
TCACGT,127
TCTGAT,127
TGCGGA,127
TGGATG,127
TTGAGA,127
TTGGCA,127
TTGTAC,127
AACTTT,126
AATACG,126
AATATA,126
ACGGGT,126
AGAGGT,126
AGAGTT,126
AGATAT,126
ATACAA,126
ATATGC,126
CACGAA,126
CAGATT,126
CCAGCA,126
CCTTGG,126
CTAGGA,126
CTGAGT,126
CTGATA,126
CTTAAC,126
CTTAAG,126
GACACA,126
GAGTGT,126
GCACAA,126
GGACAT,126
GGGCCT,126
GTACAG,126
GTATTG,126
TACACA,126
TACATA,126
TCAGAG,126
TCGAAT,126
TCGCTT,126
TCGTGG,126
TCTCAG,126
TGCAAA,126
TGTCAT,126
TGTGCA,126
TGTTGC,126
TTATCG,126
TTCCGT,126
TTCGTC,126
AACAGG,125
AATTAT,125
ACATCA,125
ACGTGA,125
ACTGAA,125
ACTGTA,125
AGAATG,125
AGTAGA,125
AGTGTG,125
ATAACT,125
ATACGT,125
ATCGAG,125
ATCGGC,125
ATGCTA,125
ATTCGA,125
ATTGAC,125
ATTTT-,125
CCATTT,125
CGTATA,125
CTATAG,125
CTCAGG,125
CTCATA,125
CTGGTG,125
CTTGAA,125
GACTGG,125
GCAATA,125
GCGAAA,125
GCGGGT,125
GCTATA,125
GGCGTA,125
GGGCAC,125
GGTCTG,125
GGTGAA,125
GTAAAA,125
GTAAGC,125
GTACGA,125
GTAGTG,125
GTATAA,125
GTGATT,125
TACAAG,125
TACGTC,125
TACTAT,125
TCACGG,125
TCATTG,125
TCGTGT,125
TCTGCA,125
TGATTG,125
TGCAGG,125
TGGAAG,125
TGGAAT,125
TGGGCG,125
TGTCAG,125
TGTTCT,125
TTAAGC,125
TTCAGA,125
TTCGGA,125
TTGCTT,125
TTTCTA,125
TTTGCG,125
AAGTGT,124
AGAAGG,124
AGATCT,124
AGTGGA,124
ATAGCT,124
ATCAAT,124
ATGGCT,124
ATGTTG,124
CAGCTT,124
CAGGTA,124
CATAAG,124
CCTATT,124
CTAGGG,124
GACAAT,124
GAGTAG,124
GAGTGG,124
GATCAT,124
GCACGT,124
GCCTTT,124
GCGTGA,124
GCTAAA,124
GGAGAA,124
GGAGGG,124
GGGAAC,124
GTTGAC,124
TAATCA,124
TAGAAT,124
TAGCAA,124
TCAATA,124
TCGGAT,124
TGATAC,124
TGATAG,124
TGCATA,124
TGGAGT,124
TGTGAT,124
TTAGCC,124
TTCTCG,124
TTTACT,124
TTTGTC,124
AAAGCA,123
AATTTA,123
ACAGAT,123
ACATAG,123
ACTAAA,123
AGCTTG,123
AGCTTT,123
ATATTC,123
ATCGAT,123
ATCGCG,123
ATGACA,123
ATGTTC,123
CAAGAA,123
CACAGT,123
CAGGGT,123
CCTGGG,123
CGGGCA,123
CGGTGG,123
CGGTGT,123
CGTAAT,123
CGTTGA,123
CTCAGA,123
GAATCA,123
GACTTT,123
GATATG,123
GATCGT,123
GATTAC,123
GATTCA,123
GATTCT,123
GCAGTT,123
GCCAAA,123
GCGTGT,123
GCTCAT,123
GGCAAC,123
GGGTAC,123
GTGAAT,123
GTGTGA,123
GTTGAA,123
GTTGCA,123
TAAGCA,123
TACTTA,123
TAGGCT,123
TATACA,123
TATACG,123
TATGCG,123
TCCGGT,123
TCGCAT,123
TGAGAA,123
TGATCG,123
TGCTTC,123
TGGAGA,123
TTAAAT,123
TTAACA,123
TTACAT,123
TTAGCG,123
ACAATT,122
ACACTG,122
ACATGA,122
AGATAG,122
AGCAAA,122
AGGACA,122
AGGGCT,122
ATACTT,122
ATATAA,122
ATCTCA,122
CACAGG,122
CAGAAT,122
CATATG,122
CCAGTT,122
CTTTTT,122
GAAGCT,122
GAGGCA,122
GCAGGT,122
GCTTAA,122
GGGTCT,122
GGTAGA,122
GGTGGA,122
GGTTTA,122
GTGTTA,122
GTTTCT,122
TAACTG,122
TAGTAA,122
TGCGTT,122
TGCTTA,122
TGGCGT,122
TTCCGG,122
TTGACA,122
TTGATG,122
TTTCTG,122
TTTGAC,122
AATTCT,121
ACATAA,121
ACTTTA,121
AGAAAA,121
AGCATA,121
AGCGTT,121
AGGAAT,121
AGGTGC,121
AGTCAA,121
AGTGCT,121
AGTTAC,121
AGTTTA,121
ATAACG,121
ATCTAT,121
ATGTGC,121
ATTTGC,121
CAAGTA,121
CAATAT,121
CGTGTG,121
CTACTT,121
CTCAGT,121
CTCTTG,121
CTGCAA,121
CTTTGA,121
CTTTGC,121
GAATTC,121
GAGCAT,121
GATAAT,121
GATGTC,121
GCTTAT,121
GGAAAA,121
GGACAG,121
GGGTGA,121
GGGTTG,121
GGTGCG,121
GGTTGA,121
GTAACG,121
GTGCAT,121
GTGGAT,121
GTGTCC,121
GTGTGC,121
GTTACT,121
GTTCTG,121
TAAAGC,121
TAAGAG,121
TACGCT,121
TAGCGG,121
TAGTCG,121
TCGAAA,121
TCGTGC,121
TCTAGG,121
TGGGAA,121
TGTGAA,121
TGTTAC,121
TTCTGA,121
AAAGTA,120
AAGCAT,120
AAGGAC,120
AAGTTC,120
AAGTTG,120
ACATTC,120
ACGTAT,120
ACGTCA,120
AGAAGT,120
AGAATA,120
AGAGTA,120
AGATTC,120
AGGGCA,120
ATAATA,120
ATAGAG,120
ATAGCA,120
ATAGGC,120
ATCAGA,120
ATCAGC,120
ATCGTA,120
ATGCTG,120
ATGGCA,120
ATGGCG,120
ATGGTG,120
CAAAGC,120
CATGAA,120
CGATTG,120
CGTAGT,120
CGTGTT,120
CTTATT,120
GAAGTA,120
GATAGT,120
GATGCA,120
GCAATG,120
GCACTT,120
GCGGAT,120
GCGGCA,120
GCGTGG,120
GCGTTA,120
GGACAC,120
GGTCGT,120
GTAAGA,120
GTCAGA,120
GTGATG,120
TAACAA,120
TAAGAA,120
TACGAA,120
TACGAG,120
TAGCTA,120
TAGGTC,120
TCCAGG,120
TCCTGG,120
TCTGTG,120
TCTTAA,120
TGATCA,120
TGCAGT,120
TGCTAG,120
TGGCAG,120
TGGGAT,120
TGGGCT,120
TGGTTC,120
TTAATC,120
TTACAC,120
TTACGA,120
TTGCGG,120
TTGGAC,120
TTGTTC,120
TTTGAG,120
TTTTGC,120
AACATT,119
AACTTA,119
AACTTC,119
AATAAA,119
ACGGAA,119
ACGGGG,119
ACTAGA,119
ACTAGG,119
ACTTCA,119
AGCAAT,119
AGCGAT,119
AGCGTG,119
AGGCAT,119
AGGCGT,119
ATATCG,119
ATCATG,119
ATCTAA,119
ATGGGA,119
ATTACG,119
ATTCTA,119
CGCATT,119
CGGAAA,119
CGGATA,119
CTAGTC,119
CTATTG,119
CTGATT,119
CTGGTA,119
CTTTCG,119
GATCTT,119
GCAAGA,119
GCAGTG,119
GCCATG,119
GGAAGC,119
GGATAT,119
GGCAAG,119
GGCGTT,119
GGGAAT,119
GGGACG,119
GTACAA,119
GTATGC,119
GTCTGC,119
GTGGAA,119
GTTTCA,119
TAAACG,119
TAGTTC,119
TATCAC,119
TATCGC,119
TCCGGC,119
TCGTTG,119
TGGCCT,119
TGTACT,119
TTGCGA,119
TTGCGC,119
TTGGCG,119
AACGTA,118
AACTGT,118
AAGTAC,118
ACAAGT,118
ACGAGT,118
ACGCAT,118
ACGTGC,118
ACTCTT,118
AGACAT,118
AGCTGT,118
AGTAAG,118
AGTTCG,118
AGTTGA,118
ATAAAA,118
ATATAC,118
ATCCGT,118
ATCGGA,118
ATGCAT,118
ATTGCT,118
CAATAG,118
CAATCG,118
CAATGG,118
CACATG,118
CAGAGT,118
CAGCAA,118
CATTCA,118
CGAGGA,118
CGGTGC,118
CGTCAT,118
CGTGGC,118
CTCGGG,118
CTCGGT,118
CTGGCT,118
CTTGTC,118
GAAACG,118
GAATTG,118
GACAGG,118
GACGTA,118
GATGGA,118
GATGTA,118
GCGTCA,118
GGAACA,118
GGACAA,118
GGAGAT,118
GGAGCA,118
GGATGA,118
GGGCGT,118
GGGTCC,118
GTACGT,118
GTATTC,118
GTCAAA,118
GTGGTC,118
GTTCTC,118
TACGCA,118
TACTGG,118
TCACAG,118
TCAGTC,118
TCATTA,118
TCCAGT,118
TCGACA,118
TGATAA,118
TGATGA,118
TGATTC,118
TGGCGG,118
TGGTGC,118
TTACTC,118
TTCACG,118
TTGTTG,118
AAATTT,117
AACTCA,117
AAGTCA,117
ACAGTA,117
ACGCTT,117
ACTAGC,117
ACTAGT,117
AGACAA,117
ATACAT,117
ATCGTC,117
CACGGG,117
CACTTG,117
CAGGCA,117
CCAGAT,117
CCGAGT,117
CGAAAA,117
CGCGTT,117
CGCTTA,117
CGGACT,117
CGTAGG,117
CTAAAG,117
CTTAGC,117
GAGGTA,117
GAGTGA,117
GCCATT,117
GCTATG,117
GGACTA,117
GTAGAT,117
GTGATA,117
GTTACA,117
GTTTGC,117
TAACAG,117
TAACTA,117
TAATGC,117
TCCAAT,117
TCTAGC,117
TGACAA,117
TGCCTT,117
TGCTGT,117
TTAACC,117
TTTGCC,117
AACAAA,116
ACAGCT,116
ACATAT,116
ACCTTT,116
ACGGTG,116
AGGTTG,116
AGTCGG,116
AGTGAT,116
ATGAAG,116
ATGAGA,116
ATTGCG,116
CAATAA,116
CAATTA,116
CAGTCA,116
CATCAA,116
CCAAGG,116
CCGTAA,116
CCTGGT,116
CTAATT,116
CTGAAA,116
CTGGAT,116
CTGTAT,116
CTGTGA,116
GATACT,116
GATCAA,116
GATGAG,116
GATTCC,116
GATTTA,116
GCCAGT,116
GCCTGT,116
GGAGAC,116
GGCATG,116
GGCTAT,116
GGCTCG,116
GGTCGC,116
GTGTTG,116
TCAAGA,116
TCAGGC,116
TCGGCA,116
TCGTGA,116
TCTACT,116
TCTTGC,116
TGAACT,116
TGCACA,116
TGGACT,116
TGGTTG,116
TGTTTG,116
TTAACG,116
TTACGC,116
TTACTG,116
TTCGTG,116
TTCTAG,116
TTCTTG,116
AAGACA,115
AATCTT,115
ACTTAG,115
AGCCAT,115
AGCGGC,115
AGCGGG,115
AGGCAG,115
AGTGAG,115
ATACTA,115
ATCTCG,115
ATGCGG,115
ATGGAG,115
CAATTC,115
CAGTAG,115
CCGGGG,115
CTAGGC,115
CTCGTA,115
CTGTCA,115
CTGTTT,115
GAAGCG,115
GAAGTC,115
GACAAA,115
GACCGT,115
GACTAT,115
GAGTAA,115
GCATGC,115
GCGCAA,115
GCGTTT,115
GCTGGT,115
GGATAC,115
GGCGAT,115
GTCAAT,115
GTCTAA,115
GTCTAT,115
GTCTGA,115
GTGTTC,115
GTTCCG,115
GTTTT-,115
TAAACT,115
TAAAGA,115
TATCAG,115
TCATAC,115
TCATGA,115
TCGATA,115
TCTAAA,115
TCTCGC,115
TGAACA,115
TGCAAG,115
TGGTCC,115
TTCAAC,115
TTGGCC,115
TTTTCA,115
AAATGG,114
AATCGG,114
ACAGGC,114
ACTCAA,114
AGAGCA,114
AGAGTC,114
AGATAC,114
AGATGT,114
AGCAGT,114
AGCTAG,114
AGTAGC,114
ATCGCA,114
ATGCAC,114
ATGGCC,114
CAAATA,114
CAAGCT,114
CAATAC,114
CATGTC,114
CATGTG,114
CCTAGG,114
CGAGGG,114
CGCAAT,114
CGCATG,114
CGGTAG,114
CTATTA,114
CTCGTT,114
CTGTGG,114
CTTCAT,114
GAACTG,114
GATAGC,114
GATCAG,114
GCAACA,114
GCATAG,114
GCATCG,114
GGATCG,114
GGCGGG,114
GGCTTA,114
GGGACA,114
GGGCAG,114
GTAGCA,114
GTCTTC,114
GTGTAC,114
TATCGA,114
TATTTG,114
TCCGGA,114
TGACTG,114
TGAGGA,114
TGCGAC,114
TGCGTC,114
TGGATC,114
TGGCTG,114
TTGCAA,114
TTTCCG,114
TTTCGA,114
TTTCGC,114
TTTTAA,114
AACTTG,113
AAGCAG,113
AAGGCC,113
AAGTGA,113
AATTGC,113
ACAGTG,113
ACCGGG,113
ACGAGC,113
ACGGCA,113
ACGGGA,113
AGATTA,113
AGCGCA,113
AGGTAC,113
ATAAAG,113
ATAGAA,113
ATAGCG,113
ATGGTC,113
CAAGGC,113
CAGTGA,113
CATCGA,113
CATGAG,113
CGAATT,113
CGAGTG,113
CGGACA,113
CGGCAG,113
CGTTAA,113
CTCTGG,113
CTGAGG,113
CTTACG,113
GAAATG,113
GACATG,113
GACGGG,113
GACTAA,113
GAGACT,113
GAGTCA,113
GATTCG,113
GATTGA,113
GCCATA,113
GCCGGG,113
GCGAGC,113
GCGTTG,113
GCTGAA,113
GGACTG,113
GGCACG,113
GGCGTG,113
GGCTGT,113
GGGATG,113
GGTGCT,113
GTCCGT,113
GTCTGG,113
GTCTTA,113
GTGAGC,113
GTGCAA,113
GTGCGA,113
TAACAT,113
TAAGCC,113
TAGGAC,113
TATAAC,113
TCACAT,113
TCCATA,113
TCGCAA,113
TCGTTC,113
TCTCAA,113
TCTGCG,113
TGAGTC,113
TGCTAA,113
TGGTCT,113
TGTACA,113
TTATAC,113
TTCTAC,113
TTGTCG,113
TTTCCT,113
AACAAT,112
AACGAT,112
AAGGAA,112
AAGGGC,112
AAGGTC,112
AATCCA,112
AATTCA,112
ACAGTC,112
ACCTTG,112
ACGACA,112
ACGATA,112
ACTTAA,112
AGACAC,112
AGATCA,112
AGATCG,112
AGCAGG,112
AGGACT,112
AGGCAC,112
AGTTCT,112
ATAGAC,112
ATCGAC,112
ATCGTG,112
ATCTGC,112
ATGACT,112
ATTCAC,112
CAAAGG,112
CAACTT,112
CAAGGA,112
CACGTT,112
CAGTTC,112
CATACG,112
CATCAT,112
CCAATT,112
CCTGGA,112
CGGTCT,112
CGTAGC,112
CTAGCT,112
CTTCGT,112
GAAAGG,112
GAACGA,112
GAAGAC,112
GACACT,112
GACTGA,112
GCACGG,112
GCTTGC,112
GGAACT,112
GGCAAT,112
GGCACT,112
GGGAAG,112
GGGTGC,112
GGTCAG,112
GTCGAT,112
GTCGCG,112
GTCGGT,112
GTGCTT,112
GTTGGC,112
TACTAA,112
TAGAGA,112
TAGCAC,112
TCGCGG,112
TCTCAT,112
TCTCGG,112
TGAATA,112
TGCTTG,112
TGGTCG,112
TGTTTA,112
TTCACA,112
TTCTGC,112
TTGCAG,112
AAGCGA,111
AAGCGC,111
AAGGAT,111
AAGTCT,111
AATCAA,111
AATGCT,111
AATGTC,111
ACACGG,111
ACATGC,111
ACATGT,111
ACGCAA,111
ACTGAT,111
AGAGGC,111
AGCAAG,111
AGGCGG,111
AGGGAA,111
AGGTCG,111
ATACAG,111
ATACGC,111
ATCACG,111
ATGCAG,111
ATGCTC,111
CAATCA,111
CAATGA,111
CAGATA,111
CATTAC,111
CATTCT,111
CCATTG,111
CCGATT,111
CCTTGT,111
CGATTA,111
CGGTGA,111
CGTGCC,111
CGTTAC,111
CGTTCG,111
CTATAA,111
CTCTGC,111
CTGACG,111
CTGCGG,111
CTTCGG,111
CTTGAG,111
GAATCG,111
GACAGT,111
GATACA,111
GCATTC,111
GCCTTG,111
GCTAAG,111
GCTGCT,111
GCTTAG,111
GGAAGG,111
GGTAAC,111
GGTCGA,111
GGTGAG,111
GTAACC,111
GTGACA,111
GTGAGA,111
GTGCTG,111
GTGGTG,111
GTTACC,111
TACCTG,111
TACTGC,111
TCAGGA,111
TCGATG,111
TCGTAG,111
TCTAAT,111
TGACAC,111
TGCAAC,111
TGCAAT,111
TGCGAA,111
TGCGAT,111
TGTCAC,111
TGTCGC,111
TTCCAT,111
TTCGAG,111
TTGGGA,111
TTGTGC,111
AAAGGC,110
AAATGC,110
AAGAGT,110
AAGGTG,110
AATACA,110
AATAGA,110
AATCAG,110
ACATCG,110
ACGCAC,110
ACTGTG,110
AGAAGA,110
AGTAAT,110
AGTCGC,110
AGTCTT,110
ATTCTG,110
ATTGAA,110
CAAATG,110
CAAGCA,110
CAAGTG,110
CAGTAC,110
CAGTCT,110
CATACA,110
CATCGT,110
CCAGTA,110
CCATGT,110
CCGTTT,110
CCTTGA,110
CGATAC,110
CGGGAA,110
CGGTAT,110
CGTAGA,110
CGTGAT,110
CGTTCA,110
CTGTAG,110
CTTTAT,110
GAAGGC,110
GAAGTG,110
GAGCTT,110
GCAGTC,110
GCCAGG,110
GCGAAT,110
GCGCGT,110
GCGTAT,110
GCTGGC,110
GGACGT,110
GGACTC,110
GGCTGC,110
GTAACA,110
GTAGAA,110
GTGCGG,110
GTGTCG,110
GTTTCC,110
TAACCT,110
TAACGA,110
TAACGG,110
TAACTC,110
TACAAC,110
TCCTTT,110
TCGAGG,110
TGAGCT,110
TGTGAG,110
TTGAAG,110
TTGACG,110
TTGCTA,110
TTTCAC,110
TTTTCG,110
AAAGGA,109
AAGGGA,109
AATAAT,109
AATACT,109
ACAGGA,109
ACGAAT,109
ACGCGG,109
AGCGTC,109
AGCTAT,109
AGCTGG,109
AGGCGC,109
AGTCGA,109
AGTCTG,109
ATAACA,109
ATCAAG,109
ATCTAG,109
ATGTCT,109
CAAATT,109
CACAAA,109
CACAGC,109
CATAGA,109
CATGCA,109
CCATAA,109
CCTAAA,109
CGACAA,109
CGCAGT,109
CGGCTA,109
CGGCTG,109
CGTCGA,109
CGTCTG,109
CGTGAC,109
CGTGCA,109
CGTTAG,109
CTAGCA,109
CTATTC,109
CTCATG,109
GAACGT,109
GACGTT,109
GAGCAA,109
GAGCAC,109
GCAAAG,109
GCAACT,109
GCACCT,109
GCAGAT,109
GCATCT,109
GGTCCT,109
GTACAC,109
GTCAAC,109
GTCACA,109
GTGCAG,109
GTGTCA,109
GTTCGC,109
TAAGAC,109
TAATAC,109
TAGTAC,109
TAGTCA,109
TATCTG,109
TCCATT,109
TCGGTC,109
TCTTGA,109
TCTTTC,109
TGCTAT,109
TGCTCA,109
TGCTGA,109
TGGCGA,109
TGTGGC,109
TTATCC,109
TTGCTG,109
TTTACC,109
TTTTAT,109
AAATTG,108
AACAGT,108
AACGAA,108
AACTCG,108
AATCGC,108
ACATAC,108
ACGGGC,108
AGGCCT,108
AGTCAC,108
ATCGCT,108
ATGACG,108
ATGCGC,108
CAACAA,108
CAAGTC,108
CAGCAT,108
CATCAG,108
CATCTA,108
CATGCT,108
CCGGTG,108
CCTAGT,108
CGAAGG,108
CGCTCA,108
CGGAAC,108
CGGAGT,108
CTACGG,108
CTGGCC,108
CTTCAG,108
GAAATA,108
GAGTCT,108
GCCAGA,108
GCTCAG,108
GCTGTA,108
GCTTAC,108
GGAGGA,108
GGCAGC,108
GTAGCT,108
GTCAGC,108
GTCGTA,108
GTTGCG,108
TAAGAT,108
TACTTC,108
TAGCAG,108
TATACT,108
TATCCA,108
TCCTAG,108
TCTACG,108
TCTAGA,108
TCTTAC,108
TGGACA,108
TGTGCT,108
TTACCA,108
TTGAAC,108
AACTAT,107
AATCTA,107
ACAAAA,107
ACAAGA,107
ACAGCA,107
ACCAGG,107
ACCAGT,107
ACGCGC,107
ACGGCG,107
ACTCGT,107
AGACTA,107
AGGACG,107
AGGAGA,107
AGTACT,107
AGTCAG,107
ATACCA,107
ATATCT,107
ATCTTA,107
ATGAGC,107
ATGCGA,107
CACACG,107
CACTAG,107
CAGAGG,107
CATGCC,107
CATTTA,107
CCATAT,107
CGAACT,107
CGAATA,107
CGGATG,107
CGTACG,107
CGTGCT,107
CTAGAT,107
CTGAGC,107
GAAAGA,107
GACGGA,107
GACTAG,107
GAGTGC,107
GATTTC,107
GCAGGC,107
GCGTAC,107
GCTGAT,107
GCTGGG,107
GCTTCT,107
GGCCTA,107
GGCGAA,107
GGCGGC,107
GGGCGA,107
GGTGTG,107
GTACTC,107
GTACTG,107
GTGACT,107
GTGGCT,107
TAGGCC,107
TATGAC,107
TCGGCG,107
TCGGGC,107
TCTCTG,107
TCTTCA,107
TGACTA,107
TGGGTG,107
TTACCG,107
AACAAG,106
AACAGC,106
AACCGT,106
AACTAG,106
AAGCCA,106
ACCGTT,106
AGAACG,106
AGACTG,106
AGGCGA,106
AGGTGA,106
ATCCTT,106
ATGCCT,106
ATGTCG,106
ATTGCC,106
CAAAAA,106
CAGACA,106
CCGTGG,106
CCTCAG,106
CCTTAG,106
CGACTT,106
CGAGTT,106
CGGAAG,106
CGTGAG,106
CGTGCG,106
CGTGTC,106
CTAACA,106
CTACTA,106
CTCGTG,106
CTGGGC,106
CTGTAC,106
CTGTGC,106
CTTGCT,106
GAATAC,106
GAATCT,106
GAGGGC,106
GATAAC,106
GATAGA,106
GATGCT,106
GATGTG,106
GCAACG,106
GCAAGC,106
GCAGCA,106
GCTAGG,106
GGTACC,106
GTAAA-,106
GTACTA,106
GTATAC,106
GTCAAG,106
GTCCAT,106
GTCGTC,106
GTGTAG,106
TACGCG,106
TAGAAA,106
TAGCGA,106
TCAGAC,106
TCAGCA,106
TCAGCG,106
TCAGCT,106
TCGACT,106
TGTTGA,106
TTCCTA,106
TTCGAC,106
TTTCCA,106
AACACA,105
AACGTG,105
AAGAAT,105
AAGGCT,105
ACCAAA,105
ACGGAC,105
ACTCAT,105
ACTTAC,105
AGACGT,105
ATAGCC,105
ATGAAC,105
ATGAAT,105
ATTCGC,105
CACTAA,105
CACTGT,105
CAGGAG,105
CATTTC,105
CCAATG,105
CCACAA,105
CCATAC,105
CCCAGG,105
CCGTGT,105
CTATGC,105
CTGCGA,105
GACATA,105
GAGATG,105
GATCTG,105
GCCAGC,105
GCCTAA,105
GCGCTT,105
GCTAGA,105
GCTTGT,105
GGCACA,105
GGCAGA,105
GGCGCT,105
GGCTGG,105
GGCTTG,105
GGGCCC,105
GGGGTT,105
GTAGAG,105
GTCGCA,105
GTGCGC,105
GTGGCA,105
TCCGTG,105
TCGTAC,105
TCTGCT,105
TCTTTA,105
TGAAGC,105
TGAAGG,105
TGCAGA,105
TGCTAC,105
TGTCTC,105
TTCGCA,105
TTCTAA,105
AAACGG,104
AAGGCA,104
ACCATT,104
ACCTAT,104
ACGTCT,104
ACTACA,104
ACTCGA,104
AGACTC,104
AGCAAC,104
AGTAAC,104
AGTTGC,104
ATACGA,104
ATGCTT,104
ATGTCC,104
CAGAAA,104
CAGAGC,104
CCGGTT,104
CCTGTG,104
CGCCGG,104
CGGCAC,104
CGTCAA,104
CGTCAG,104
CTCAAA,104
CTCACA,104
CTGCGC,104
CTGCTT,104
CTGTTG,104
CTTCTT,104
CTTTCA,104
GATACG,104
GATCGG,104
GCGATA,104
GGCAGG,104
GGCGGA,104
GGCTCT,104
GGCTGA,104
GGTCCG,104
GGTCGG,104
GTCACG,104
GTCGTG,104
GTGCCA,104
TAAAAA,104
TACCTT,104
TACTCA,104
TAGACT,104
TAGGAG,104
TCAACA,104
TCATCA,104
TCCAGA,104
TCTCGT,104
TCTGAC,104
TGACAG,104
TGACAT,104
TGAGCA,104
TGAGCC,104
TGCGTA,104
TGTATC,104
TTATCT,104
AACAGA,103
AACATA,103
AACGGC,103
AAGGAG,103
AATAGC,103
ACACGT,103
ACGGAG,103
AGACAG,103
AGAGGA,103
AGGTCT,103
AGTGCG,103
AGTGGC,103
ATACCT,103
ATTTCG,103
CAAGAT,103
CATTGC,103
CCATTA,103
CCGTAT,103
CCGTTA,103
CCTAGC,103
CCTTTT,103
CGATGC,103
CGGGCT,103
CGGGTC,103
CGTAAC,103
CTACGA,103
CTGCGT,103
CTGGAG,103
CTGGCA,103
CTGGTC,103
GAACAA,103
GACAGA,103
GAGATA,103
GAGGTG,103
GATCTA,103
GATGAC,103
GCAGAG,103
GCCTGG,103
GCGTTC,103
GCTCAA,103
GCTGCA,103
GCTGTG,103
GCTTTG,103
GGAGTC,103
GGCTAG,103
GTCGAG,103
GTCTCA,103
TACAAT,103
TACGAC,103
TACTCG,103
TACTGA,103
TAGAAG,103
TATCCG,103
TCATTC,103
TCCATG,103
TCTACA,103
TCTCTT,103
TCTTTG,103
TGAGGC,103
TGCGAG,103
TGGAAC,103
TGGCGC,103
TGTCGA,103
TGTGCC,103
TTCTTC,103
TTGCTC,103
AAGCAC,102
ACAGAA,102
ACCATG,102
ACGGAT,102
ACGTAG,102
AGACGG,102
ATACAC,102
ATACCG,102
ATAGTC,102
ATCCAA,102
ATCTAC,102
ATGCCC,102
ATTTCT,102
CACGGT,102
CAGAGA,102
CAGCAC,102
CAGCAG,102
CATCTG,102
CATTCG,102
CCAGAC,102
CCGAAA,102
CCTGAA,102
CCTTAT,102
CGAAGT,102
CGACAT,102
CGAGGT,102
CGATGG,102
CGCACA,102
CGCGTA,102
CGCTTG,102
CGGCGT,102
CGGGGT,102
CGTCTT,102
GAACTA,102
GACGTG,102
GAGCGA,102
GAGGTC,102
GAGTAC,102
GATCAC,102
GCAGGA,102
GCCGTT,102
GGCCTT,102
GGTTCC,102
GTGAAG,102
TACACC,102
TAGAGC,102
TCAAAT,102
TCACGA,102
TCCGTA,102
TCCTTA,102
TGACTC,102
TGGGCC,102
TGTGCG,102
TTGATC,102
TTGTCC,102
AAATTA,101
AACTGG,101
AAGCTT,101
ACACAT,101
ACGAAG,101
ACGTCG,101
ACTAAT,101
ACTTCG,101
ACTTGC,101
ACTTTC,101
AGCACT,101
AGCTCA,101
AGCTTA,101
AGGGAG,101
AGTCCG,101
ATAACC,101
ATCCGA,101
ATTCCG,101
CAGCTA,101
CAGGGC,101
CAGTGC,101
CCAAAA,101
CCACTC,101
CCAGAA,101
CCGCTT,101
CCGTCT,101
CCTATA,101
CCTTTG,101
CGAGCG,101
CGATAA,101
CGCAGG,101
CGCTAT,101
CGTTCC,101
CGTTGC,101
CTATCG,101
CTCTGT,101
CTGAGA,101
CTGCTA,101
CTTCTA,101
CTTGGC,101
GCACAC,101
GCACAG,101
GCACTA,101
GCACTG,101
GCGACA,101
GCGCGA,101
GGCGAC,101
GTGCCT,101
GTTCTA,101
TAAACA,101
TCAACT,101
TCACTA,101
TCATCC,101
TCGCAG,101
TCTGAG,101
TGAAAG,101
TGCACC,101
TGCAGC,101
TGCCAG,101
TGTAAC,101
TGTGAC,101
TGTTTC,101
TTCCAG,101
TTCGCT,101
TTCTCT,101
AAATAG,100
AAATCT,100
AACATG,100
AACGCT,100
AACTGA,100
ACACGA,100
ACGCTA,100
ACTCAG,100
ACTGGC,100
AGAGAA,100
AGCGCT,100
AGCTGC,100
AGGAGC,100
AGTCCA,100
ATCCGG,100
CAAGAG,100
CAGAAC,100
CAGCGG,100
CCAGGA,100
CCAGGC,100
CCATAG,100
CCATGG,100
CCCGGT,100
CGAGCA,100
CGCACT,100
CGGGGA,100
CGTCAC,100
CTAGAA,100
CTCTAT,100
CTGCAT,100
CTTTCT,100
GAAAGC,100
GAACGG,100
GAAGCA,100
GAGCGT,100
GATCCA,100
GATGAT,100
GCAGAA,100
GCCAAG,100
GCCGTA,100
GCGAGA,100
GCGCTA,100
GCGGAA,100
GCTTCG,100
GCTTGA,100
GCTTTA,100
GGCACC,100
GGCCGT,100
GGCTAC,100
GGTAGC,100
GTAGAC,100
GTCACT,100
GTCCGC,100
GTCGAA,100
GTGCTC,100
GTGGGA,100
TACCGT,100
TAGTTG,100
TCAAGC,100
TCACAA,100
TCCTGT,100
TCGTCT,100
TCTCAC,100
TCTCGA,100
TCTCTC,100
TGAAGA,100
TGACGT,100
TGATCT,100
TGCACT,100
TGCGCT,100
TGGACC,100
TGGAGC,100
TGTCCG,100
AAATCA,99
AAGCGG,99
ACACAA,99
ACACAC,99
ACAGCC,99
ACCGAT,99
ACTAAC,99
ACTGCA,99
AGAACA,99
AGAGCT,99
AGCACC,99
AGCCTT,99
AGCGAA,99
AGCTGA,99
AGGAAG,99
AGGGGA,99
ATCCGC,99
ATTACC,99
CACGCG,99
CACTGG,99
CAGGAC,99
CATACT,99
CCATTC,99
CCCGTT,99
CCCTAA,99
CCCTGG,99
CCCTGT,99
CCGATA,99
CCTCGT,99
CGATCG,99
CGGAGC,99
CGGGCC,99
CTAACG,99
CTACAT,99
CTCAAG,99
CTCAAT,99
CTCCAG,99
CTGACT,99
CTTCTG,99
GACCGG,99
GACGCA,99
GACGGC,99
GAGAGT,99
GAGTTC,99
GATACC,99
GCACAT,99
GCCGCA,99
GCCGGA,99
GCGGTC,99
GCGTGC,99
GCTTCA,99
GGCCAT,99
GGCTCC,99
GGCTTC,99
GGGAGA,99
GGGGTC,99
GTACCA,99
GTACCG,99
GTCTCG,99
GTCTCT,99
TAACCA,99
TACCGG,99
TAGTAG,99
TCCGCT,99
TCGCAC,99
TCTGTC,99
TGAGAT,99
TGCACG,99
TGCGTG,99
TTCCAA,99
TTGGAG,99
AAAGCG,98
AACGGA,98
AATGCG,98
ACAAGC,98
ACCGTA,98
ACTTCT,98
AGACGC,98
AGCCAA,98
AGCTTC,98
AGTACG,98
ATACTC,98
ATGGAC,98
CAACGT,98
CAACTG,98
CACAAG,98
CAGGGA,98
CCGGGT,98
CCGTGC,98
CGAAGA,98
CGCTAG,98
CGGCAT,98
CGTACA,98
CTGTCC,98
GAAACT,98
GAACGC,98
GACACG,98
GACTTC,98
GATCGC,98
GATCTC,98
GCCACA,98
GCGGTA,98
GGAGCC,98
GGATCC,98
GGGTCG,98
GTCCGA,98
GTCCGG,98
GTTGCT,98
TAACAC,98
TCACAC,98
TCCACA,98
TCTTCC,98
TGAAAT,98
TGCTCT,98
TGGGAC,98
TTCACT,98
AATAAC,97
AATTCG,97
ACAACA,97
ACACTA,97
ACCACA,97
ACCGGC,97
ACTCTA,97
ACTGAG,97
AGAGAT,97
AGATCC,97
AGGCCA,97
AGGGAC,97
AGTTTC,97
ATATCC,97
CACTGA,97
CAGCGC,97
CATCCT,97
CATTCC,97
CCCATT,97
CCGGCT,97
CCTAGA,97
CCTTGC,97
CGCAGC,97
CGCGTG,97
CGCTAA,97
CGCTGT,97
CTAACT,97
CTACGT,97
CTCTAA,97
CTGGCG,97
CTTGCG,97
GAAGAA,97
GAGAAT,97
GAGAGG,97
GAGCTA,97
GCCTAC,97
GCCTAT,97
GCCTGA,97
GGACGA,97
GGAGCT,97
GGCGTC,97
GGCTCA,97
GGGACT,97
GGGCGC,97
GGGGCA,97
GTAAAT,97
GTCCTG,97
GTCTAC,97
GTGGAG,97
TACACG,97
TCCCGT,97
TCCTTG,97
TCGAGA,97
TCGCTA,97
TCGCTC,97
TCTTCG,97
TGACCT,97
TGAGAC,97
TGGACG,97
TGGGGA,97
TGTCGG,97
TTTTAC,97
AAACCG,96
AAAGAA,96
AACAAC,96
AACGCA,96
AAGATG,96
AAGCAA,96
AAGCTC,96
AATCTG,96
ACATCT,96
ACCATA,96
ACCTAC,96
ACGAGG,96
ACGCCA,96
ACGCGT,96
ACTCGC,96
AGAAAG,96
AGCACA,96
AGGCTG,96
AGTCCC,96
AGTGAC,96
ATAAAT,96
CAAACA,96
CACCTG,96
CATCCA,96
CATGAC,96
CCGTCA,96
CCTGTC,96
CCTTCA,96
CGAGAA,96
CGCAAA,96
CGCGAA,96
CGCGGG,96
CGTGAA,96
CTAGAC,96
CTAGCG,96
CTCGAC,96
CTCGGC,96
CTGAAT,96
CTGATG,96
CTTACA,96
CTTCGA,96
CTTTTG,96
GACAGC,96
GACGTC,96
GACTTG,96
GAGTTG,96
GCAGCT,96
GCGGTG,96
GCGTCT,96
GCTGTC,96
GGCGCA,96
GGTTTC,96
GTGCAC,96
GTTCCC,96
GTTGCC,96
GTTTAC,96
TACTAC,96
TAGACC,96
TCCTAA,96
TCGGCT,96
TCTATC,96
TCTCTA,96
TGGGGC,96
TTAAAC,96
AAATTC,95
AACCAA,95
AACGCG,95
AAGTCG,95
ACCCTT,95
ACCTGC,95
ACCTGT,95
AGAAGC,95
AGACTT,95
AGAGAC,95
AGAGTG,95
AGCAGC,95
AGCCGT,95
AGGAAC,95
AGGAGG,95
AGGGGC,95
AGTGCC,95
ATAAAC,95
ATCATC,95
CACACA,95
CACGGC,95
CACTCT,95
CACTTC,95
CAGGCG,95
CAGGCT,95
CATAAC,95
CATCCG,95
CCCCC-,95
CCGGCA,95
CCGTAG,95
CCTAAG,95
CCTCAT,95
CGAATG,95
CGACTG,95
CGAGCT,95
CGAGTC,95
CGGAAT,95
CTTCGC,95
GAAAAA,95
GACTGC,95
GAGGGA,95
GCACGC,95
GCTCTG,95
GGAACC,95
GGACCC,95
GGAGAG,95
GGGCGG,95
GGGCTC,95
GTGGCC,95
TACAGC,95
TACCAG,95
TATCCT,95
TATCTC,95
TATTTC,95
TCCAAG,95
TCCCGG,95
TCCGAA,95
TCCTAC,95
TCGCGT,95
TCGGTG,95
TCTTCT,95
TGCCAA,95
TGCGCA,95
TGGCAC,95
TGTTCC,95
TTCACC,95
TTCCGA,95
AAAGCT,94
AAGAGG,94
AAGCTA,94
ACCTGG,94
ACTACG,94
ACTCCT,94
ACTGCT,94
ACTGTC,94
AGGGCG,94
AGGTCC,94
AGTCTC,94
CACGAT,94
CAGGAA,94
CAGGTG,94
CATCAC,94
CCACTG,94
CCCATG,94
CCGCAT,94
CCTCAA,94
CCTTCT,94
CGACCC,94
CGGCGC,94
CGTTTA,94
CTAAGA,94
CTACAA,94
CTCACT,94
CTCTTA,94
CTGCTC,94
GAACAG,94
GAACTC,94
GAAGCC,94
GACAAG,94
GACCTT,94
GAGCTG,94
GAGGAT,94
GCATCA,94
GCCGGC,94
GCCTTA,94
GCGAAG,94
GCTCTA,94
GGAAAT,94
GGAGGC,94
GTAGCG,94
TAAGCG,94
TACCAT,94
TACTCT,94
TAGCCA,94
TAGCTG,94
TCCGAT,94
TCCTCA,94
TCGAAG,94
TCGGAC,94
TCTAAC,94
TGCCGT,94
TGTACC,94
TTACCC,94
TTCGCG,94
TTCTCC,94
TTTTCT,94
AAGACT,93
AATTCC,93
ACCAAC,93
ACGACT,93
ACTACT,93
AGAGCC,93
AGCTAC,93
ATCAAC,93
ATCACT,93
ATCTGA,93
CAAAGA,93
CAAGCG,93
CAGCGA,93
CATCGC,93
CCAACG,93
CCATCG,93
CCCAAA,93
CCTAAT,93
CGACAG,93
CGAGAT,93
CGAGGC,93
CGATCT,93
CGATTC,93
CGCAGA,93
CGGCCT,93
CGGGGC,93
CGGTCC,93
CTAGCC,93
CTGGAC,93
CTTACT,93
CTTCCA,93
CTTGAC,93
GACGAA,93
GCAAAC,93
GCAGCC,93
GCATCC,93
GCTAAC,93
GCTACA,93
GCTACT,93
GCTCTC,93
GCTGAG,93
GGAAAG,93
GGCCAC,93
GGCGCG,93
GGGAGG,93
GGTGCC,93
GTACGC,93
GTAGTC,93
GTCACC,93
GTCGGA,93
TATATC,93
TATTT-,93
TCAATC,93
TCCAAA,93
TCCTCT,93
TCGAGC,93
TGCCGC,93
TGGCCG,93
TTCATC,93
AACCAG,92
AACCAT,92
AACGAC,92
AACTCT,92
AAGACC,92
AAGCTG,92
AAGGCG,92
ACAGCG,92
ACCCGG,92
ACCGAA,92
ACCTGA,92
ACGCAG,92
AGCGGA,92
AGCTCG,92
AGTTCC,92
ATTTTG,92
CAACAG,92
CAAGAC,92
CACAGA,92
CACATA,92
CACCAT,92
CACTAT,92
CAGTCG,92
CAGTTG,92
CCCGGG,92
CCGAGG,92
CCGTTG,92
CCTATG,92
CGAACA,92
CGATCA,92
CGCAAG,92
CGCCAG,92
CGTCTA,92
CGTTCT,92
CTAGAG,92
CTCCTT,92
CTCGAA,92
CTCGAT,92
CTGACA,92
CTTCAC,92
CTTGCA,92
CTTTAC,92
CTTTT-,92
GACGAT,92
GACTCA,92
GAGACA,92
GAGCAG,92
GAGCGC,92
GAGCGG,92
GAGTCG,92
GGACGC,92
GGAGCG,92
GGGCCA,92
GTATCC,92
GTTCAC,92
TATTCC,92
TCCACG,92
TCCAGC,92
TCCTGC,92
TCGAAC,92
TCGGAA,92
TCGGAG,92
TCGTTA,92
TGATCC,92
TGCCTG,92
TGCTGC,92
TGGCCA,92
TGTCCA,92
TTCCAC,92
AAATCG,91
ACAAAT,91
ACCAAT,91
ACCGCT,91
ACCGTG,91
ACCTTA,91
AGAGAG,91
AGATGA,91
AGCCTG,91
AGCTCT,91
AGGCAA,91
CACAAT,91
CACACT,91
CACATT,91
CACTGC,91
CCGGTA,91
CGACGT,91
CGAGTA,91
CGCCTG,91
CGTACT,91
CTACCG,91
CTCCGA,91
CTCTAG,91
CTTTCC,91
GACTCG,91
GAGAGA,91
GAGGCG,91
GAGGCT,91
GGCCGA,91
GGTCCA,91
GGTGAC,91
GGTGGC,91
GTCCTT,91
GTTCCA,91
GTTTTG,91
TAGACG,91
TAGATC,91
TAGCCG,91
TATGCC,91
TCACCG,91
TCGGCC,91
TGAACC,91
TGCGCC,91
TGGCTC,91
TGTTT-,91
TTCCTG,91
AAACGT,90
AACGAG,90
AACGTC,90
AAGAAA,90
AAGAGA,90
AAGAGC,90
AATTTC,90
ACCGGT,90
ACCTCT,90
ACTGAC,90
AGCACG,90
AGCGCC,90
ATTCCT,90
CAAACT,90
CAGATG,90
CAGGCC,90
CAGTCC,90
CATCGG,90
CCACTA,90
CCATGC,90
CCGGAA,90
CCGTCG,90
CCTGCT,90
CGCAAC,90
CGGGTG,90
CTCGCG,90
CTCGGA,90
CTCTGA,90
CTGCAC,90
GAACAC,90
GAAGAT,90
GACACC,90
GACCAG,90
GCGGAC,90
GCTCGC,90
GCTTTC,90
GGAAAC,90
GGGAGT,90
GTGGCG,90
GTTATC,90
GTTGAG,90
TACACT,90
TACGCC,90
TAGAAC,90
TAGTCC,90
TATCCC,90
TCACTG,90
TCCCC-,90
TCGTCA,90
TGCCAT,90
AAAGCC,89
AAGAAC,89
AAGTAG,89
AATCCG,89
AATGAG,89
AATTAC,89
ACCAGC,89
ACGAGA,89
ACGATG,89
ACGCCC,89
ACGTAC,89
AGCAGA,89
AGCGCG,89
ATCCAT,89
ATCTTC,89
ATTTCC,89
CAACGC,89
CACGCT,89
CACGTG,89
CATGCG,89
CCAGTC,89
CCATGA,89
CCGACA,89
CCGCAA,89
CCGCAC,89
CCGCGT,89
CCTGGC,89
CGAACG,89
CGATAG,89
CGGCGG,89
CGTTTG,89
CTACCT,89
CTCCGT,89
GAACAT,89
GAACCC,89
GCCACT,89
GCGCAT,89
GCTCGA,89
GGCGCC,89
TCAACG,89
TCCGAG,89
TCGATC,89
TCGCTG,89
TGCTCG,89
TGGAGG,89
TGGCCC,89
TTTCTC,89
AACCTT,88
AATACC,88
AATCCC,88
ACCCTG,88
ACGCGA,88
ACTGCG,88
AGAACT,88
ATAAA-,88
ATCCAG,88
ATCCTA,88
ATGACC,88
ATTCCA,88
CAACTA,88
CAGCTC,88
CCAGAG,88
CCCTTT,88
CCGGCC,88
CCGGGA,88
CCGTTC,88
CCTGCG,88
CGGCGA,88
CGGGAC,88
CGTCGG,88
CGTCGT,88
CTACTC,88
CTCGTC,88
CTTCCT,88
GAACCG,88
GAGCCA,88
GAGGAC,88
GAGGAG,88
GCGACG,88
GCTCGT,88
GGCCCC,88
GGGGAT,88
GGGTTC,88
GTATA-,88
GTCGAC,88
GTGGAC,88
TACCTA,88
TATAA-,88
TCACCA,88
TCACGC,88
TCAGCC,88
TCCAAC,88
TCCGCG,88
TCCTCG,88
TGAGCG,88
TGTCCC,88
TGTCCT,88
AAACTG,87
ACAACC,87
ACCGAG,87
ACGGCT,87
ACTCGG,87
AGCCTA,87
AGTATC,87
ATGATC,87
ATGCCA,87
CAACAC,87
CACGGA,87
CCAGTG,87
CCGCAG,87
CCTACT,87
CGCCAT,87
CGCGGT,87
CGTACC,87
CGTATC,87
CTATCT,87
CTGTCT,87
CTTACC,87
GACGCC,87
GATATC,87
GCCGTG,87
GCCTAG,87
GCCTGC,87
GCTCCA,87
GCTCGG,87
GGAAGA,87
GGACCT,87
GGCCAG,87
GGCCTC,87
GGCCTG,87
GGTTT-,87
GTAAAC,87
GTACCC,87
GTAGCC,87
GTCATC,87
GTCCTA,87
TAGCCT,87
TCACCT,87
TCATCT,87
TCGACG,87
TCGGGA,87
TGACGG,87
TTAAA-,87
TTACCT,87
AAAAAA,86
AAAGTG,86
AAGAAG,86
ACACGC,86
ACCAGA,86
ACCTTC,86
ACTATC,86
AGCCAG,86
ATCCTG,86
ATTTTA,86
CACTAC,86
CAGAAG,86
CCAAA-,86
CCAATA,86
CCACGC,86
CCCAGT,86
CCGGAT,86
CCTACA,86
CGCGGA,86
CGCGTC,86
CGGAGA,86
CGGCCC,86
CGGCTC,86
CGTCTC,86
CTCACG,86
CTGAAC,86
GACCAT,86
GACCTA,86
GATCCT,86
GCCAAT,86
GCCTTC,86
GCGCAC,86
GCGGCT,86
GCGGGA,86
GCGTAG,86
GCGTCC,86
GCTAAT,86
GCTACG,86
GGACGG,86
GGTATC,86
GTCGCT,86
TCCCTG,86
TCCGTC,86
TCCTAT,86
TGAGAG,86
TTCTCA,86
TTGCCC,86
AAACTT,85
AACTGC,85
ACCCC-,85
ACCCGC,85
ACCGGA,85
ACCGTC,85
ACCTAA,85
ACGCTC,85
ACGCTG,85
ACGTTG,85
ACTCCA,85
AGAGCG,85
AGCATG,85
AGGCCG,85
CAAACG,85
CAACAT,85
CACTCG,85
CATAGC,85
CCAAAG,85
CCAGCT,85
CCATCT,85
CCCGCT,85
CCCGTA,85
CCGACG,85
CCTCTG,85
CCTTAA,85
CCTTTA,85
CGACCA,85
CGATGA,85
CGCGAT,85
CGGTTG,85
CTATAC,85
CTCAGC,85
CTGAAG,85
CTGACC,85
GAACCA,85
GACGAC,85
GATCCC,85
GATGCC,85
GCCCGG,85
GCCGAT,85
GCCTCC,85
GCGACT,85
GCGGCC,85
GCTATC,85
GCTCTT,85
GGAATC,85
GTGAAC,85
TAGCTC,85
TCCGCA,85
TCCTGA,85
TCCTTC,85
TCGCGC,85
TGAACG,85
TTCGCC,85
TTGCCG,85
AAAGTC,84
AACGCC,84
AATGCC,84
ACATCC,84
ACGTCC,84
ACTCAC,84
ATCACA,84
ATGCCG,84
CAATCC,84
CAGATC,84
CCAAGC,84
CCACAC,84
CCCATA,84
CCGAGA,84
CCGCTG,84
CCGGTC,84
CCTACG,84
CCTGCA,84
CGCACG,84
CGCCAA,84
CGCCGT,84
CGCTGC,84
CGTCCA,84
CGTCCT,84
CTCGCT,84
GAAACA,84
GACAAC,84
GACTCT,84
GAGATC,84
GCCGTC,84
GCGAAC,84
GCGAGG,84
GCGCGG,84
GCGGGC,84
GCTGCC,84
GCTGGA,84
GCTTCC,84
GGACCG,84
GGCATC,84
GTACCT,84
GTTCCT,84
TAACCG,84
TACATC,84
TCAAAG,84
TCTCCG,84
TGCCCC,84
TTCCGC,84
TTTATC,84
AACCTA,83
AACTAC,83
AATGAC,83
ACAAAG,83
ACCACT,83
AGACCA,83
AGGCCC,83
ATACCC,83
CAACCT,83
CAGACG,83
CCAACA,83
CCACTT,83
CCCAGA,83
CGCATA,83
CGCGGC,83
CGGGAT,83
CTAAAT,83
CTAATC,83
CTCTCA,83
CTTCTC,83
GACGAG,83
GACTAC,83
GCACTC,83
GCAGCG,83
GCCTCA,83
GCGCTG,83
GGACCA,83
GGCCGC,83
GGGGCT,83
GTCCAC,83
GTGACG,83
GTGCCC,83
TACCGC,83
TCACTC,83
TGAAAC,83
AAGTCC,82
AATCAC,82
AATCCT,82
ACCCAA,82
ACTACC,82
AGACGA,82
AGTACC,82
CACCAG,82
CACGAG,82
CCATCC,82
CCCGTC,82
CCCTGA,82
CCGGAG,82
CCTGTA,82
CGATCC,82
CGCTCG,82
CTCACC,82
CTCCAT,82
CTCCTG,82
CTGCAG,82
GCAAAT,82
GCGATG,82
GGGATC,82
GGGGAA,82
GGGGCC,82
TCACCC,82
TCCGCC,82
TCGCGA,82
TCGTCG,82
TGCCGA,82
TTGCCT,82
TTTTCC,82
AAAGAG,81
AACTAA,81
ACCACC,81
ACCTCG,81
ACGAAC,81
ACGACG,81
ACTCTG,81
AGCCGG,81
AGGGCC,81
ATCACC,81
CAAGCC,81
CACCTT,81
CACGCA,81
CAGACT,81
CAGCTG,81
CCCTAT,81
CCGTAC,81
CCTCTT,81
CCTTCG,81
CGAAAT,81
CGACGA,81
CGCGCA,81
CGGACC,81
CGGGCG,81
CTACAG,81
GACATC,81
GCCCGC,81
GCCTCT,81
GCGCGC,81
TACTCC,81
TAGCCC,81
TCTGCC,81
TGGGAG,81
TTGACC,81
TTTCCC,81
AAACAG,80
AAATAA,80
AAGCCT,80
ACAACG,80
ACAACT,80
ACAATC,80
ACACAG,80
ACCCAG,80
ACCCGT,80
ACCGAC,80
ACGCCT,80
AGAACC,80
AGCTCC,80
ATCCAC,80
ATCGCC,80
ATCTCC,80
ATCTCT,80
CACGAC,80
CACTCC,80
CAGCCT,80
CCAAGA,80
CCCAGC,80
CCGTGA,80
CCTGAT,80
CCTTAC,80
CGACTA,80
CGCGCG,80
CGCTAC,80
CGCTCT,80
CTACCC,80
CTACGC,80
CTCCGG,80
CTCTTC,80
CTGTCG,80
CTTATC,80
CTTTTA,80
GAATCC,80
GAGCCT,80
GAGCTC,80
GATGCG,80
GCCACG,80
GCGATC,80
GGCGAG,80
GTCCTC,80
TAATCC,80
TCAACC,80
TCGTCC,80
TGACCA,80
TGGGG-,80
AAACGA,79
AAACGC,79
AAATAT,79
AACCGC,79
AACCGG,79
AAGACG,79
AATATC,79
ACAGAG,79
ACCATC,79
ACGACC,79
AGCATC,79
AGGATC,79
ATCCTC,79
ATTTTC,79
CACGCC,79
CACTCA,79
CATACC,79
CCTTTC,79
CGAAGC,79
CGCCTT,79
CGGACG,79
CTATCC,79
CTCCAA,79
CTCGAG,79
CTCTAC,79
CTTCCC,79
GAGAAG,79
GAGAGC,79
GAGTCC,79
GCCCAA,79
GCGCCA,79
GCGCCT,79
GCGCTC,79
GCTAGC,79
GGCCCA,79
GTCGCC,79
TAAACC,79
TACCAC,79
TCCGAC,79
TCGACC,79
TCTACC,79
TCTCCA,79
TGCATC,79
TTCCTC,79
AAGCCC,78
ACAGAC,78
ACTCCG,78
ACTGCC,78
AGCCCC,78
AGGACC,78
AGTTT-,78
ATTATC,78
CACCGT,78
CCAGCG,78
CCCTAG,78
CCCTGC,78
CCCTTA,78
CGCCTA,78
CGCGCC,78
CTACAC,78
CTCGCC,78
CTGCCC,78
GACCAC,78
GACCGA,78
GCCGGT,78
GCGGCG,78
GGCCGG,78
GTGATC,78
AAATCC,77
AACACG,77
ACCAAG,77
AGCGAG,77
AGTCCT,77
CAAACC,77
CACGTC,77
CCCAAC,77
CCCGAG,77
CCGAAG,77
CGCGCT,77
CGCTGA,77
CGGTCG,77
CTAACC,77
CTACTG,77
CTGATC,77
CTGTTC,77
CTTCCG,77
GACCCC,77
GACCCG,77
GACCTG,77
GAGGCC,77
GCACCG,77
GCAGAC,77
GCCCGT,77
GCTGCG,77
GGAAA-,77
GGCCAA,77
GGCCCT,77
GGGCCG,77
GTTTTA,77
TGCTCC,77
TTGCCA,77
AAAAGT,76
ACACTC,76
AGACCG,76
AGCCAC,76
ATTCTC,76
CCACCG,76
CCATCA,76
CCCGCA,76
CCGCTA,76
CCGTCC,76
CGAAAG,76
CGCCGC,76
CTCCTA,76
CTCTCT,76
CTTGCC,76
GACCAA,76
GACGCG,76
GACGCT,76
GAGACC,76
GAGACG,76
GATCCG,76
GCCACC,76
GCCGCT,76
GCTGAC,76
GGCCCG,76
GGTCCC,76
GTCCAA,76
GTGACC,76
GTGCCG,76
TACCAA,76
TGACGA,76
TGACGC,76
TGCGCG,76
TTCCCC,76
AACCGA,75
ACCCAC,75
AGCGAC,75
CACCGG,75
CATCTC,75
CCTCGA,75
CGACGC,75
CGACTC,75
CGAGAG,75
CGCTGG,75
CGTCGC,75
CTCCGC,75
GCCATC,75
GCGACC,75
GCGCAG,75
GCGTCG,75
GGGGCG,75
GTAATC,75
TAACCC,75
TACCTC,75
TCGCCC,75
TGAATC,75
TGACCG,75
AAACCT,74
AACACT,74
ACCCAT,74
ACCGCG,74
ACCTAG,74
ACGGCC,74
ACTTCC,74
AGAAAT,74
AGACCT,74
ATAATC,74
CAACCA,74
CAACCG,74
CACAAC,74
CCACAT,74
CCACGT,74
CCCAAG,74
CCCGGA,74
CCGAAC,74
CCGCGG,74
CCTCGC,74
CGCGAC,74
CGCTTC,74
CTCCAC,74
CTCGCA,74
CTGCCT,74
GAACCT,74
GAAGAG,74
GCACCC,74
GCCCTG,74
GCCGAG,74
GCTCAC,74
TACCGA,74
TATACC,74
TCCACT,74
TTCCTT,74
AATCTC,73
ACAAA-,73
ACACCA,73
AGAAA-,73
AGCCTC,73
ATTCCC,73
CACCAC,73
CACCGA,73
CACCGC,73
CACCTA,73
CCCGGC,73
CCTACC,73
CGAATC,73
CGACAC,73
CGTTTC,73
CTAAAC,73
GAGAAC,73
GCCAAC,73
GGGACC,73
GTTTTC,73
TGAAA-,73
AAACAA,72
AAACAT,72
AAAGAC,72
AACCTG,72
ACACCC,72
CCACCT,72
CCCAAT,72
CCGGAC,72
CCTGCC,72
CGCCGA,72
CGCGAG,72
CGTCCG,72
GCAACC,72
GCTCCT,72
GGGAGC,72
GGGGAG,72
TCCCAA,72
ACAAAC,71
ACTCTC,71
ATCCCG,71
CAGACC,71
CCGACT,71
CCTGAC,71
CCTGAG,71
CGCATC,71
CGCCAC,71
CTCCTC,71
CTGCCA,71
CTGCTG,71
GAGCCC,71
GCACGA,71
GGGGTG,71
TAAATC,71
TCCCAT,71
TCGCCT,71
TCTCCT,71
TGCCAC,71
TGCCTA,71
ACACCG,70
ACCGCA,70
CACCTC,70
CATCCC,70
CCCGAA,70
CCCGAT,70
CCCGTG,70
CCCTCG,70
CCTCGG,70
CGACGG,70
CGAGAC,70
CGCTCC,70
CGGGAG,70
CTGCCG,70
GACTCC,70
GCACCA,70
GCCCAG,70
GCCCTA,70
GCGGAG,70
GTCTCC,70
TAAAAG,70
TACCCG,70
TCCCGC,70
TGCCCG,70
TGCCTC,70
AAATAC,69
ACCTCA,69
AGCCGC,69
CAACGA,69
CCAGCC,69
CCCTTG,69
CCGAAT,69
CCGATC,69
CCGCCT,69
CCTAAC,69
CGGATC,69
CGTCCC,69
GCAATC,69
GCGCCG,69
TCCACC,69
TCCCAG,69
AAACCA,68
AACCCC,68
ACACCT,68
AGACCC,68
AGCCCT,68
CACACC,68
CCACAG,68
CCACGG,68
CCCCAG,68
CCGGGC,68
CCTCTA,68
CGAACC,68
CGACCG,68
CGAGCC,68
CTCTCG,68
GCAAA-,68
GCCGAA,68
GGGGTA,68
TCCCTA,68
ACCACG,67
ACCCTA,67
AGGGG-,67
ATCCCC,67
CAGCCC,67
CAGCCG,67
CATATC,67
CCCGAC,67
CCCTCA,67
CCCTTC,67
CCGAGC,67
CCGCGC,67
CCTCCG,67
CGACCT,67
CGGCCG,67
GAAATC,67
GCCCTT,67
GCTACC,67
TCCTCC,67
TGCCCA,67
AAACTA,66
AACCCA,66
AACCTC,66
CCACGA,66
CCCCGG,66
CCCTCT,66
CCTCTC,66
CGGCCA,66
GAAAAG,66
GAAACC,66
GCGCCC,66
GCTCCC,66
GTCCC-,66
TAAAAT,66
TCAAAC,66
TCGCCA,66
AAAAGG,65
AAACTC,65
AAAGAT,65
AACCCG,65
AACTCC,65
CAACTC,65
CACCAA,65
CCCACG,65
CCTCAC,65
CCTTCC,65
CGCACC,65
TCCCAC,65
TCCCTT,65
TGCCGG,65
AACCAC,64
AAGCCG,64
ACCCTC,64
AGAAAC,64
ATCCC-,64
CTACCA,64
CTTTTC,64
GACCTC,64
GAGCCG,64
GCCCAT,64
GCCCC-,64
GCCGCG,64
TCTCCC,64
TGACCC,64
AAACAC,63
AGCCCA,63
CCAATC,63
CCGGCG,63
CGCCCA,63
CGCCCG,63
GCCTCG,63
GGGGAC,63
GTCCCG,63
TACCCC,63
TACCCT,63
AACCCT,62
ACCTCC,62
CAGCCA,62
CCCACA,62
CCCGCG,62
CCGATG,62
CCTCCA,62
CCTCCC,62
CCTCCT,62
CGCCTC,62
CTCAAC,62
CTCTCC,62
GACCCT,62
GCCCGA,62
TACAA-,62
TCGGG-,62
TGCCC-,62
TTCCCG,62
AAGATC,61
ATCCCA,61
CACCCC,61
CCAACT,61
CCACCC,61
CCGCCA,61
CCGCTC,61
CCTATC,61
CTCATC,61
GAGAA-,61
GCTCCG,61
AACACC,60
ACCCGA,60
AGCCCG,60
AGCCGA,60
CCACCA,60
CCCACT,60
CCCCTG,60
CCGCGA,60
GCCGCC,60
ACCGCC,59
ACTCCC,59
CCAAAT,59
CCAACC,59
CCCCGC,59
CGCCCC,59
GACCGC,59
GCCGAC,59
GGGGGC,59
GGGGGT,59
TGCCCT,59
TTCCCT,59
CGGGG-,58
GTCCCC,58
TCCCTC,58
AATTT-,57
CACAA-,57
CTCCCC,57
TAGAA-,57
TCCATC,57
TTTTTG,57
AAAATA,56
AAACCC,56
ACGATC,56
CCCCTT,56
CCGCCC,56
CCGCCG,56
GACCCA,56
TGTAA-,56
CCCGCC,55
CTCCCG,55
GCCCAC,55
GCCCCC,55
TCCCGA,55
TCGCCG,55
TTTTTA,55
ACCCCC,54
AGAATC,54
CAACCC,54
CACCCT,54
CGAAAC,54
CTAAA-,54
GCCCTC,54
AAGAA-,53
ACGCCG,53
CAAAAC,53
CACATC,53
CCCTAC,53
CCCTCC,53
CGTTT-,53
CTCCCA,53
GTCCCA,53
GTCCCT,53
AACATC,52
CACCC-,52
CCAAAC,52
CCCACC,52
CCCCGT,52
CTCCCT,52
CACCCG,51
GACCC-,51
TCCCCC,51
CAAAAG,50
CGGAGG,50
GAAAAT,50
GCCCCG,50
TACCC-,50
CAAATC,49
CGAAA-,49
AAAAGC,48
AAAATG,48
ACCCCT,48
TCCCCG,48
AAAATT,47
ATATA-,47
CCCCAT,47
CCGACC,47
GATTT-,47
TCTTT-,47
ACCCCG,46
ATGGG-,46
CCCCTC,46
CTCCC-,46
TAAAAC,46
TTCAA-,46
AATAA-,45
CGCCCT,45
GATAA-,45
GCCCCT,45
TTATA-,45
TTCCC-,45
ATCCCT,44
CATTT-,44
CCCCTA,44
CTATA-,44
TACCCA,44
TGGAA-,44
TTCCCA,44
ATGAA-,43
GAGGG-,43
GCCCCA,43
TTTTTC,43
AGCCC-,42
GAAAAC,42
GTCAA-,42
GTGAA-,42
AAAACC,41
ACTTT-,41
CCGGG-,41
GGCCC-,41
TAGGG-,41
TTGGG-,41
AAAACG,40
AAAAGA,40
ACCCCA,40
AGGAA-,40
ATCAA-,40
GCTTT-,40
GGTTA-,40
GTATT-,40
AAAACT,39
AACCC-,39
CACCCA,39
CCCCGA,39
CGCCC-,39
GTACA-,39
ACTAA-,38
CATAA-,38
CCCATC,38
CCCCAA,38
CGCAA-,38
GGCAA-,38
GGTAA-,38
ACGGG-,37
CAAAAT,37
CCCCAC,37
GGGAA-,37
GGGGGA,37
TGATA-,37
CTGGG-,36
GTGTT-,36
TAAGA-,36
TAATT-,36
GCGGG-,35
TATAT-,35
TATTA-,35
AACAA-,34
AAGGG-,34
CTCAA-,34
GAATA-,34
TCCCCT,33
AAATT-,32
AGTAA-,32
ATATT-,32
ATGTT-,32
CCTTT-,32
GACAA-,32
TAGTT-,32
TGGGA-,32
TTGGA-,32
AAAACA,31
GGATA-,31
GGGTT-,30
GTGGA-,30
GTGGG-,30
TCTTA-,30
CAGAA-,29
CTGAA-,29
CTTTA-,29
GTTAA-,29
TCGTA-,29
TGCAA-,29
TGGTA-,29
TGGTT-,29
TGTTA-,29
AAACA-,28
AAATA-,28
AGGTT-,28
CACCA-,28
GTAGA-,28
GTTTA-,28
TACTT-,28
TCCCCA,28
TCTAA-,28
TTCTT-,28
TTGTT-,28
CAAGA-,27
CGGAA-,27
GTCTT-,27
TAGGA-,27
TATCC-,27
TCAGA-,27
TGCTA-,27
AATAT-,26
AGGCA-,26
GGAGA-,26
GTACC-,26
TAGTA-,26
TTACA-,26
AAAGA-,25
AACCG-,25
AAGTT-,25
AGCTT-,25
CCACA-,25
CGGTT-,25
GAGTA-,25
GATTA-,25
GGGCC-,25
GGTCC-,25
GTGTA-,25
TAATA-,25
TTGAA-,25
TTTTG-,25
ACACA-,24
ACGAA-,24
ATACC-,24
ATTAA-,24
CAGTA-,24
CTACA-,24
GAGGA-,24
GCGAA-,24
GTTTC-,24
TACCA-,24
TCCCA-,24
TCGAA-,24
TGTCA-,24
TTCCA-,24
TTCTA-,24
TTTTA-,24
ACGTT-,23
AGGTA-,23
CCGCG-,23
CCTAA-,23
CGTAA-,23
GAGTT-,23
GGGTA-,23
TAACA-,23
TACTA-,23
TCGGA-,23
TCGTT-,23
TGGAC-,23
TTTAA-,23
ATTTA-,22
CACAC-,22
CCCCCC,22
CTGGA-,22
CTTAA-,22
GTTAT-,22
TACGG-,22
TCACA-,22
ACCAA-,21
AGATA-,21
AGCAA-,21
AGTCC-,21
CAATA-,21
CAGGG-,21
CAGTT-,21
CCCAA-,21
CCGCC-,21
GAAGA-,21
GATAT-,21
GATGA-,21
GCATA-,21
GGTGG-,21
GTCCA-,21
TATGA-,21
TGAGA-,21
TGATT-,21
TTACC-,21
TTATT-,21
AAGTA-,20
ACGTA-,20
AGAGA-,20
AGGCC-,20
CCGAA-,20
CGGGA-,20
CTCTT-,20
GGTAC-,20
GTCTA-,20
TATCA-,20
TCACC-,20
TCATA-,20
TGTCC-,20
TTTGG-,20
AAAGT-,19
AATGA-,19
AGACA-,19
CAGCA-,19
CATGA-,19
CCACC-,19
CCCCCG,19
CCGTT-,19
CGGTA-,19
GAAAT-,19
GCTCG-,19
GGATT-,19
GGGCA-,19
TCTCC-,19
TGTGG-,19
TTCTC-,19
TTTCA-,19
AAAAAT,18
AAATG-,18
AATTA-,18
AATTC-,18
ACAAC-,18
ACATA-,18
AGTTA-,18
ATTCC-,18
CAGGA-,18
CATCC-,18
CCAGA-,18
CCATA-,18
CCATT-,18
CGATA-,18
CGCCA-,18
CTGCC-,18
CTGTT-,18
GAATT-,18
GACTA-,18
GAGAG-,18
GCCCA-,18
GCTAA-,18
GGAAT-,18
GGACC-,18
GGGGA-,18
TACAC-,18
TCATT-,18
TTGTA-,18
TTTTC-,18
AAGCA-,17
AATCG-,17
ACTTA-,17
AGCCA-,17
AGTCA-,17
AGTCG-,17
ATCTA-,17
ATCTT-,17
ATTAT-,17
ATTGA-,17
ATTTG-,17
CAACA-,17
CAATT-,17
CGTGA-,17
CTCGA-,17
CTGTA-,17
GAAAG-,17
GAACA-,17
GACTT-,17
GGACA-,17
GTGCC-,17
GTTCC-,17
TAAAC-,17
TAAAT-,17
TACCG-,17
TACGA-,17
TAGCC-,17
TATCG-,17
TATGG-,17
TGGGT-,17
AAAGG-,16
AAATC-,16
ACACC-,16
ATACA-,16
ATGTA-,16
CAAAT-,16
CACTA-,16
CATCA-,16
CCCCCT,16
CCCTA-,16
CGATT-,16
CGTCC-,16
CTATT-,16
CTGCA-,16
CTTTG-,16
GAGCC-,16
GATGG-,16
GCCAA-,16
GCGCG-,16
GCTAC-,16
GGGAC-,16
GTAGG-,16
TAATC-,16
TATTC-,16
TCTCA-,16
TGCCA-,16
TGGCA-,16
TGGTC-,16
TGTGA-,16
TTAAT-,16
TTCGA-,16
TTTCC-,16
AAGAT-,15
AAGGA-,15
AAGGC-,15
ACCCA-,15
ACGCA-,15
AGACC-,15
AGATT-,15
AGGGA-,15
AGTAC-,15
CATGC-,15
CATTA-,15
CATTG-,15
CCTCC-,15
CTCGG-,15
CTTCC-,15
CTTGA-,15
GACCA-,15
GATCA-,15
GCATT-,15
GCGGA-,15
GCTTA-,15
GGCTT-,15
GGGTG-,15
GTATC-,15
GTGCA-,15
GTTCA-,15
TAAGG-,15
TAGCA-,15
TATAC-,15
TATGC-,15
TCTAC-,15
TGACA-,15
TTAGA-,15
TTGCA-,15
AAAGC-,14
AACCA-,14
AACTC-,14
AATCA-,14
AATCC-,14
ACTCA-,14
ACTTG-,14
ATCGG-,14
ATGGA-,14
ATTCA-,14
CAAAC-,14
CAACC-,14
CATGG-,14
CGCGA-,14
CTACC-,14
CTAGA-,14
CTCCA-,14
GAAAC-,14
GCACA-,14
GCCCG-,14
GGTCA-,14
GTTGG-,14
TATTG-,14
TCATC-,14
TCCAA-,14
TCTGA-,14
TGGAT-,14
TGTAT-,14
TTTCT-,14
AATAC-,13
ACATT-,13
ACTAC-,13
AGAAC-,13
AGGGT-,13
ATAAT-,13
ATTCG-,13
CAACGG,13
CACCG-,13
CACGA-,13
CACTT-,13
CAGAC-,13
CATAT-,13
CCGGA-,13
CCTCT-,13
CCTTA-,13
CGTAT-,13
CGTCA-,13
CTCTA-,13
GAACC-,13
GATCC-,13
GCACC-,13
GCGTT-,13
GCTAT-,13
GGCCA-,13
GGTAT-,13
TAGGT-,13
TCGCA-,13
TCGTC-,13
TGAAT-,13
TGGTG-,13
TGTAG-,13
TGTCT-,13
TTAGG-,13
TTTGA-,13
AAAAAG,12
AACGA-,12
AAGGT-,12
AAGTG-,12
AATGC-,12
AATGT-,12
ACAGG-,12
ACGGA-,12
ACTCC-,12
AGCAC-,12
AGTTG-,12
ATAGA-,12
ATCTC-,12
ATGCC-,12
ATTAC-,12
ATTGG-,12
ATTTC-,12
CCATG-,12
CCGCA-,12
CCGTA-,12
CCGTC-,12
CGACA-,12
CGACC-,12
CGAGA-,12
CGGCA-,12
CTTCA-,12
CTTGG-,12
GACAC-,12
GAGAT-,12
GAGCA-,12
GATAC-,12
GATTC-,12
GATTG-,12
GCGAC-,12
GCGTA-,12
GGAGG-,12
GGGAT-,12
GTAAT-,12
GTCGA-,12
GTTTG-,12
TAAAG-,12
TACTG-,12
TAGGC-,12
TATAG-,12
TATCT-,12
TCGGT-,12
TCTTG-,12
TGACC-,12
TGCGC-,12
TTATG-,12
TTCGG-,12
TTGGC-,12
TTGTC-,12
TTGTG-,12
TTTAT-,12
AACAC-,11
AACGT-,11
AACTA-,11
ACAGA-,11
ACCCG-,11
ACCTT-,11
AGCTA-,11
AGGTC-,11
AGTAT-,11
AGTGA-,11
AGTTC-,11
ATAGG-,11
CAATC-,11
CACCT-,11
CAGGC-,11
CCAGG-,11
CCTGA-,11
CGCTA-,11
CGGCC-,11
CGTAC-,11
CGTGG-,11
CTTTC-,11
GAATC-,11
GACCG-,11
GACGA-,11
GCCTA-,11
GCGTG-,11
GCTCA-,11
GCTCC-,11
GGAAC-,11
GGCAT-,11
GGCTA-,11
GGTGT-,11
GTAAG-,11
GTCAT-,11
GTCCG-,11
TAACC-,11
TAGAC-,11
TAGAT-,11
TAGTG-,11
TCAAC-,11
TCCGC-,11
TCGTG-,11
TCTAG-,11
TGAAC-,11
TGAGG-,11
TGCAC-,11
TGGAG-,11
TGGCG-,11
TTATC-,11
TTGAT-,11
TTTAG-,11
AAACG-,10
AAACT-,10
AACAT-,10
AACTG-,10
AATAG-,10
AATGG-,10
ACCGA-,10
AGAGG-,10
AGAGT-,10
AGCGG-,10
AGGAC-,10
AGGAT-,10
AGGCG-,10
ATCCA-,10
CACGG-,10
CACTG-,10
CAGCC-,10
CATCG-,10
CCCGA-,10
CCTTG-,10
CGAAC-,10
CGCGC-,10
CGCGG-,10
CGCTT-,10
CGGCG-,10
CGTGC-,10
CGTTA-,10
CGTTC-,10
CTGAG-,10
GACGG-,10
GCAAC-,10
GCAAG-,10
GCAGA-,10
GCAGG-,10
GCCGA-,10
GCCTT-,10
GCGCC-,10
GGCGA-,10
GGGGC-,10
GGGTC-,10
GGTTC-,10
GTCGG-,10
GTTCT-,10
TAGTC-,10
TATGT-,10
TCAGG-,10
TCCCG-,10
TCCTT-,10
TCGAG-,10
TCGAT-,10
TCTAT-,10
TCTGG-,10
TCTTC-,10
TGCGG-,10
TGCTT-,10
TTCAT-,10
TTGGT-,10
TTTAC-,10
AAAAAC,9
AAAATC,9
AAACC-,9
AACGG-,9
AAGCT-,9
AAGTC-,9
ACCGC-,9
ACGTG-,9
AGTGG-,9
ATAAC-,9
ATGCA-,9
ATTAG-,9
CAATG-,9
CACAG-,9
CACAT-,9
CAGAT-,9
CAGTC-,9
CATTC-,9
CCCCA-,9
CCTTC-,9
CGGGC-,9
CTGTC-,9
CTTAT-,9
CTTCG-,9
CTTCT-,9
GAAGG-,9
GAGGC-,9
GATCG-,9
GATGC-,9
GGCGG-,9
GGGGT-,9
GGTCT-,9
GTACG-,9
GTCGT-,9
GTGAC-,9
GTTGT-,9
TAAGC-,9
TAAGT-,9
TAGCG-,9
TCAAT-,9
TCGCG-,9
TCTCG-,9
TGGCC-,9
TGGGC-,9
TGTGT-,9
TGTTC-,9
TGTTG-,9
TTCAC-,9
TTCCG-,9
TTCTG-,9
TTTCG-,9
AACCT-,8
AAGAG-,8
ACAAT-,8
ACATC-,8
ACCGG-,8
ACGTC-,8
ACTAG-,8
ACTCG-,8
ACTCT-,8
AGACT-,8
AGTAG-,8
ATACG-,8
ATAGT-,8
ATATG-,8
ATCAC-,8
ATCGT-,8
ATCTG-,8
ATGTG-,8
ATTCT-,8
CAAAG-,8
CAAGG-,8
CAGCG-,8
CATAC-,8
CCAAC-,8
CCAAG-,8
CCAAT-,8
CCACG-,8
CCCCG-,8
CCCTT-,8
CCGAT-,8
CCGGC-,8
CGCCG-,8
CGGAC-,8
CGGGT-,8
CGTTG-,8
CTAAC-,8
CTAGC-,8
CTAGG-,8
CTCCG-,8
CTCTC-,8
CTGCT-,8
GACTC-,8
GAGCG-,8
GCATC-,8
GCCGG-,8
GCGGC-,8
GGTTG-,8
GTCGC-,8
GTCTC-,8
GTTGC-,8
TACAG-,8
TACAT-,8
TCCGG-,8
TCCTA-,8
TCGAC-,8
TCGCC-,8
TCGGC-,8
TGCCG-,8
TGTAC-,8
TGTCG-,8
TGTGC-,8
TTAAG-,8
TTCCT-,8
TTGCC-,8
TTTGT-,8
AAAAT-,7
ACAAG-,7
ACAGT-,7
ACCAC-,7
ACCAT-,7
ACGCC-,7
ACGGT-,7
ACTAT-,7
ACTGC-,7
AGAAG-,7
AGAAT-,7
AGATC-,7
AGCAT-,7
AGCGA-,7
AGTGT-,7
ATCAG-,7
ATCAT-,7
ATCCG-,7
ATGGC-,7
ATGGT-,7
ATTGC-,7
CAAGT-,7
CAGTG-,7
CATGT-,7
CCATC-,7
CCTGG-,7
CCTGT-,7
CGAAT-,7
CGAGG-,7
CGTCG-,7
CTAAG-,7
CTAAT-,7
CTATG-,7
CTCAC-,7
CTGAT-,7
CTTAG-,7
GAACG-,7
GACGC-,7
GAGTC-,7
GATCT-,7
GATGT-,7
GCAAT-,7
GCGTC-,7
GCTGC-,7
GCTTG-,7
GGCAC-,7
GGTCG-,7
GTATG-,7
GTCCT-,7
GTGTC-,7
GTGTG-,7
GTTAG-,7
GTTGA-,7
TAATG-,7
TACGC-,7
TACTC-,7
TAGAG-,7
TAGCT-,7
TCACG-,7
TCATG-,7
TCTCT-,7
TCTGT-,7
TGAAG-,7
TGCGA-,7
TTAGT-,7
TTGAC-,7
TTGAG-,7
TTTGC-,7
AACTT-,6
AAGCG-,6
ACACT-,6
ACATG-,6
ACCGT-,6
ACGAT-,6
ACTTC-,6
AGCAG-,6
AGCCT-,6
AGGCT-,6
ATAAG-,6
ATCGA-,6
ATGAC-,6
ATGAG-,6
ATGAT-,6
ATGTC-,6
ATTGT-,6
CAACT-,6
CACTC-,6
CAGAG-,6
CAGGT-,6
CATAG-,6
CCCAC-,6
CCCCCA,6
CCCGG-,6
CCCGT-,6
CCCTC-,6
CCGTG-,6
CCTAC-,6
CCTAT-,6
CCTCA-,6
CCTCG-,6
CGAGT-,6
CGCAC-,6
CGCAT-,6
CGGAT-,6
CGTAG-,6
CTAGT-,6
CTCAT-,6
CTCGT-,6
CTTAC-,6
GACCT-,6
GACGT-,6
GAGAC-,6
GAGTG-,6
GCACT-,6
GCAGC-,6
GCCAT-,6
GCCGC-,6
GCCTC-,6
GCCTG-,6
GCGAG-,6
GCGGT-,6
GCTCT-,6
GGAGT-,6
GGCCG-,6
GGCTC-,6
GGTAG-,6
GGTGA-,6
GTAAC-,6
GTAGC-,6
GTCAC-,6
GTGAT-,6
GTGGC-,6
TAACG-,6
TCACT-,6
TCAGC-,6
TCCAC-,6
TCCGA-,6
TCCGT-,6
TCCTC-,6
TCCTG-,6
TGATG-,6
TGCAG-,6
TGCTC-,6
TGGCT-,6
TTCGC-,6
TTCGT-,6
AAAAC-,5
AAAAG-,5
AACAG-,5
AAGAC-,5
AAGCC-,5
AATTG-,5
ACACG-,5
ACCCT-,5
ACCTA-,5
ACGAC-,5
ACGAG-,5
ACGCG-,5
ACTGT-,5
AGAGC-,5
AGCCG-,5
AGGAG-,5
AGGGC-,5
ATACT-,5
ATCGC-,5
CAAGC-,5
CACGC-,5
CACGT-,5
CAGCT-,5
CCAGC-,5
CCCGC-,5
CCGAG-,5
CCTAG-,5
CGAAG-,5
CGACT-,5
CGCGT-,5
CGGCT-,5
CTGAC-,5
CTGGT-,5
CTTGT-,5
GAAGC-,5
GAAGT-,5
GAATG-,5
GACTG-,5
GATAG-,5
GCAGT-,5
GCCAC-,5
GCCGT-,5
GCGCA-,5
GCTAG-,5
GCTGA-,5
GCTGG-,5
GCTTC-,5
GGACT-,5
GGAGC-,5
GGATC-,5
GGCCT-,5
GGCGC-,5
GGCTG-,5
GGGCG-,5
GTAGT-,5
GTGAG-,5
GTGGT-,5
GTTAC-,5
GTTCG-,5
TCAAG-,5
TCAGT-,5
TCCAG-,5
TCCAT-,5
TCCCT-,5
TGACT-,5
TGAGT-,5
TGATC-,5
TGCCT-,5
TTCAG-,5
TTGCG-,5
AACGC-,4
AATCT-,4
ACCAG-,4
ACCTC-,4
ACTGA-,4
ACTGG-,4
AGCGT-,4
AGTCT-,4
AGTGC-,4
ATAGC-,4
ATCCT-,4
ATGCG-,4
CAACG-,4
CATCT-,4
CCACT-,4
CCCAT-,4
CCCCT-,4
CCCTG-,4
CCGAC-,4
CCGGT-,4
CGAGC-,4
CGCAG-,4
CGGTG-,4
CGTCT-,4
CGTGT-,4
CTACT-,4
CTCTG-,4
CTGGC-,4
CTGTG-,4
GACAG-,4
GCACG-,4
GCCAG-,4
GCCCT-,4
GGAAG-,4
GGACG-,4
GGGAG-,4
GGGCT-,4
GGTGC-,4
GTACT-,4
TAACT-,4
TACCT-,4
TACGT-,4
TGACG-,4
TGAGC-,4
TGCAT-,4
TGCGT-,4
TTACT-,4
TTGCT-,4
ACGGC-,3
AGCTC-,3
AGCTG-,3
AGGTG-,3
CCTGC-,3
CGACG-,3
CGATG-,3
CGCCT-,3
CGGAG-,3
CGGTC-,3
CTACG-,3
CTCAG-,3
CTCCT-,3
CTTGC-,3
GACAT-,3
GAGCT-,3
GCATG-,3
GCTGT-,3
GGCAG-,3
GGCGT-,3
GTCTG-,3
GTGCT-,3
TCGCT-,3
TCTGC-,3
TGCTG-,3
TTAAC-,3
ACAGC-,2
ACCTG-,2
ACGCT-,2
AGACG-,2
AGATG-,2
AGCGC-,2
ATATC-,2
CCCAG-,2
CCGCT-,2
CGATC-,2
CGCTC-,2
CTATC-,2
CTCGC-,2
CTGCG-,2
GAGGT-,2
GGATG-,2
GTCAG-,2
GTGCG-,2
TTACG-,2
TTAGC-,2
CGCTG-,1
GAACT-,1
GCGAT-,1
GCGCT-,1
